step,loss
0,0.76171875
1,0.58984375
2,0.53125
3,1.0078125
4,0.7578125
5,0.61328125
6,0.796875
7,0.421875
8,0.9296875
9,0.60546875
10,0.353515625
11,0.7890625
12,0.82421875
13,0.5234375
14,0.431640625
15,0.9453125
16,1.390625
17,0.42578125
18,0.6171875
19,0.6796875
20,1.1953125
21,0.94140625
22,0.7265625
23,0.54296875
24,0.7421875
25,0.6875
26,0.5390625
27,0.94921875
28,0.703125
29,0.423828125
30,0.2001953125
31,0.8046875
32,0.6953125
33,0.60546875
34,0.73828125
35,1.3125
36,0.65625
37,0.7890625
38,0.94921875
39,0.953125
40,0.6875
41,0.87109375
42,0.57421875
43,1.125
44,0.609375
45,0.462890625
46,0.84765625
47,0.671875
48,0.82421875
49,0.73828125
50,0.75
51,0.82421875
52,0.703125
53,1.53125
54,1.1171875
55,0.90234375
56,0.9453125
57,0.5390625
58,0.58984375
59,0.9140625
60,1.0
61,0.6796875
62,1.3515625
63,0.765625
64,0.34765625
65,0.9609375
66,0.58984375
67,1.515625
68,0.83203125
69,0.8203125
70,0.412109375
71,0.2216796875
72,0.63671875
73,1.8359375
74,0.55078125
75,0.921875
76,0.49609375
77,0.71484375
78,0.640625
79,0.86328125
80,0.39453125
81,0.5
82,0.74609375
83,0.8671875
84,0.94921875
85,0.490234375
86,0.921875
87,0.6640625
88,0.9140625
89,1.125
90,0.65625
91,0.625
92,0.6953125
93,0.62890625
94,0.62890625
95,0.77734375
96,0.51171875
97,1.109375
98,0.734375
99,0.5078125
100,0.69140625
101,1.2421875
102,0.78125
103,0.369140625
104,0.6328125
105,0.80859375
106,0.5
107,0.376953125
108,0.427734375
109,0.4765625
110,0.66015625
111,0.5390625
112,0.765625
113,0.390625
114,0.75390625
115,0.4375
116,0.984375
117,0.6953125
118,0.65625
119,0.7734375
120,0.765625
121,0.4765625
122,0.625
123,0.92578125
124,0.435546875
125,1.15625
126,0.72265625
127,0.56640625
128,0.8125
129,0.7265625
130,0.294921875
131,0.65625
132,1.140625
133,0.84765625
134,0.91796875
135,0.66015625
136,0.9921875
137,0.921875
138,0.625
139,0.37109375
140,1.125
141,0.8984375
142,0.61328125
143,0.578125
144,0.484375
145,0.53515625
146,0.53125
147,0.41015625
148,0.578125
149,0.9921875
150,0.90625
151,1.2265625
152,0.5234375
153,0.50390625
154,0.8046875
155,0.32421875
156,0.99609375
157,0.67578125
158,0.921875
159,0.78125
160,0.474609375
161,0.703125
162,0.4609375
163,0.5703125
164,0.50390625
165,1.234375
166,0.478515625
167,0.51171875
168,0.52734375
169,0.39453125
170,0.59375
171,0.859375
172,0.671875
173,0.3828125
174,0.72265625
175,0.6796875
176,0.82421875
177,0.6953125
178,0.55859375
179,0.609375
180,0.8359375
181,0.65625
182,1.375
183,1.1484375
184,0.50390625
185,0.6171875
186,0.76953125
187,0.890625
188,0.95703125
189,0.5234375
190,0.71875
191,0.91796875
192,0.86328125
193,0.89453125
194,1.0859375
195,0.8671875
196,1.578125
197,0.5
198,0.58203125
199,0.421875
200,0.91015625
201,0.5703125
202,1.0703125
203,0.478515625
204,0.65234375
205,0.875
206,0.87109375
207,0.859375
208,0.578125
209,1.0546875
210,0.6640625
211,1.0625
212,0.796875
213,0.640625
214,0.87109375
215,0.98828125
216,0.69921875
217,0.4296875
218,0.34375
219,0.69921875
220,0.416015625
221,0.53125
222,0.58203125
223,0.6484375
224,0.49609375
225,1.0078125
226,0.60546875
227,0.546875
228,0.72265625
229,0.75
230,0.734375
231,0.6171875
232,1.0625
233,0.609375
234,0.6484375
235,0.65625
236,0.81640625
237,0.37109375
238,0.58203125
239,0.86328125
240,0.5703125
241,0.7421875
242,0.68359375
243,1.03125
244,0.462890625
245,0.427734375
246,1.140625
247,1.1171875
248,0.56640625
249,0.72265625
250,0.96875
251,0.8515625
252,0.78125
253,0.875
254,0.466796875
255,1.1640625
256,0.6875
257,0.5234375
258,0.44140625
259,0.68359375
260,0.765625
261,0.79296875
262,0.6640625
263,1.25
264,0.2734375
265,0.59765625
266,0.72265625
267,0.96875
268,0.6171875
269,0.341796875
270,0.67578125
271,0.828125
272,0.357421875
273,0.62109375
274,0.609375
275,0.625
276,1.2734375
277,0.74609375
278,0.86328125
279,0.984375
280,0.97265625
281,0.75
282,0.9296875
283,0.78515625
284,0.59375
285,0.75
286,0.6015625
287,0.76953125
288,0.8046875
289,0.796875
290,0.609375
291,0.42578125
292,0.89453125
293,0.97265625
294,0.60546875
295,0.8828125
296,1.328125
297,0.6875
298,0.72265625
299,1.1796875
300,0.59375
301,1.015625
302,0.412109375
303,0.55078125
304,0.8828125
305,0.302734375
306,0.98046875
307,0.80078125
308,0.6171875
309,0.59765625
310,0.51171875
311,0.609375
312,0.6328125
313,0.671875
314,0.609375
315,0.271484375
316,0.765625
317,0.58984375
318,0.67578125
319,0.486328125
320,0.953125
321,0.40234375
322,0.66015625
323,0.984375
324,0.59765625
325,0.384765625
326,1.03125
327,0.51171875
328,0.66796875
329,0.6953125
330,0.49609375
331,0.65234375
332,0.73828125
333,0.609375
334,0.53125
335,0.8203125
336,0.47265625
337,0.609375
338,0.375
339,0.7109375
340,0.5625
341,0.58984375
342,0.578125
343,0.6171875
344,0.4765625
345,0.70703125
346,0.63671875
347,1.140625
348,0.392578125
349,0.9921875
350,0.91015625
351,0.46875
352,0.6484375
353,0.8515625
354,0.62109375
355,0.4140625
356,0.40625
357,0.7890625
358,0.98046875
359,0.39453125
360,0.44140625
361,0.765625
362,0.65625
363,0.58203125
364,0.77734375
365,0.44921875
366,0.82421875
367,0.365234375
368,1.53125
369,0.62109375
370,0.93359375
371,0.58984375
372,0.77734375
373,0.65625
374,0.62109375
375,0.62109375
376,0.80078125
377,0.68359375
378,0.81640625
379,0.46484375
380,0.6640625
381,0.5
382,0.38671875
383,0.6171875
384,0.51171875
385,0.46875
386,0.765625
387,0.30859375
388,0.640625
389,0.5625
390,0.369140625
391,0.59375
392,0.5078125
393,0.8359375
394,0.5625
395,0.546875
396,0.5390625
397,0.71875
398,0.625
399,0.3984375
400,0.74609375
401,0.490234375
402,0.447265625
403,0.65234375
404,0.41015625
405,0.42578125
406,1.09375
407,0.6953125
408,0.5390625
409,0.640625
410,0.52734375
411,0.4453125
412,0.443359375
413,0.74609375
414,0.474609375
415,0.9921875
416,0.78125
417,0.396484375
418,1.03125
419,0.53125
420,0.546875
421,0.451171875
422,0.7734375
423,0.98828125
424,0.3125
425,0.68359375
426,0.486328125
427,0.6484375
428,0.83203125
429,0.98046875
430,0.86328125
431,0.796875
432,0.2294921875
433,0.74609375
434,0.83203125
435,0.6796875
436,0.72265625
437,0.515625
438,0.3046875
439,0.78515625
440,0.5390625
441,0.43359375
442,0.5078125
443,0.39453125
444,0.447265625
445,0.26953125
446,0.6015625
447,0.51171875
448,0.4609375
449,0.443359375
450,0.412109375
451,0.95703125
452,0.640625
453,0.53125
454,0.421875
455,0.703125
456,0.9375
457,0.55859375
458,0.29296875
459,0.546875
460,0.482421875
461,0.486328125
462,0.8203125
463,0.36328125
464,0.9140625
465,0.57421875
466,0.353515625
467,0.5078125
468,0.41796875
469,0.921875
470,1.171875
471,1.6328125
472,0.5234375
473,0.458984375
474,0.53515625
475,0.9296875
476,0.8984375
477,0.50390625
478,0.80859375
479,0.396484375
480,0.5390625
481,0.6796875
482,0.99609375
483,1.078125
484,0.458984375
485,0.8046875
486,0.55859375
487,1.1875
488,0.71875
489,0.77734375
490,0.46875
491,0.88671875
492,0.6328125
493,0.47265625
494,0.56640625
495,0.453125
496,0.71484375
497,0.4296875
498,0.69140625
499,0.6484375
500,0.50390625
501,0.318359375
502,0.69921875
503,0.703125
504,0.421875
505,0.59375
506,0.83984375
507,0.77734375
508,0.5625
509,0.75390625
510,0.4765625
511,0.69921875
512,0.72265625
513,0.59375
514,1.0390625
515,0.828125
516,0.640625
517,0.8984375
518,0.5234375
519,0.8359375
520,0.52734375
521,0.765625
522,0.78515625
523,0.546875
524,0.375
525,0.33984375
526,0.494140625
527,0.51953125
528,0.52734375
529,0.6875
530,0.6875
531,0.54296875
532,0.349609375
533,0.671875
534,0.87890625
535,0.734375
536,0.5390625
537,0.35546875
538,0.482421875
539,0.82421875
540,0.62890625
541,0.515625
542,0.609375
543,0.953125
544,0.51953125
545,0.8359375
546,0.5078125
547,0.4453125
548,0.9140625
549,0.46484375
550,0.734375
551,1.0
552,0.609375
553,0.96875
554,0.7265625
555,0.51953125
556,0.875
557,0.39453125
558,1.09375
559,0.6171875
560,0.63671875
561,0.41796875
562,0.59375
563,0.5546875
564,0.4765625
565,0.7109375
566,0.7109375
567,0.59765625
568,1.171875
569,0.35546875
570,0.94921875
571,0.306640625
572,0.68359375
573,0.76953125
574,0.6953125
575,0.439453125
576,1.078125
577,0.359375
578,0.73046875
579,0.890625
580,0.4453125
581,0.78125
582,0.7109375
583,0.7421875
584,0.408203125
585,0.4921875
586,0.75
587,0.6640625
588,1.0703125
589,0.4140625
590,0.5703125
591,0.2216796875
592,0.55078125
593,0.451171875
594,0.78515625
595,0.5703125
596,0.42578125
597,0.6015625
598,0.85546875
599,0.8515625
600,0.46484375
601,0.73828125
602,0.9296875
603,1.1484375
604,0.43359375
605,0.4296875
606,0.41796875
607,0.59375
608,0.53515625
609,0.98046875
610,0.9296875
611,0.3203125
612,0.36328125
613,0.640625
614,0.765625
615,0.93359375
616,0.75
617,1.453125
618,0.41796875
619,0.50390625
620,0.400390625
621,0.49609375
622,0.9296875
623,0.54296875
624,0.5546875
625,0.73828125
626,0.6171875
627,0.94140625
628,0.953125
629,0.546875
630,0.47265625
631,0.212890625
632,0.345703125
633,0.408203125
634,0.64453125
635,0.7734375
636,0.67578125
637,0.52734375
638,0.69140625
639,0.75
640,0.76953125
641,0.6171875
642,0.62890625
643,0.875
644,0.640625
645,0.8515625
646,0.9921875
647,0.73046875
648,0.40234375
649,0.5
650,0.7265625
651,0.74609375
652,0.435546875
653,1.203125
654,0.75390625
655,0.77734375
656,0.8359375
657,0.71875
658,0.578125
659,0.671875
660,0.5
661,0.7421875
662,0.7578125
663,1.1640625
664,0.671875
665,0.765625
666,0.609375
667,1.140625
668,0.6875
669,0.6953125
670,0.73828125
671,0.49609375
672,1.0859375
673,0.48046875
674,0.65234375
675,0.640625
676,0.546875
677,0.494140625
678,0.625
679,0.55859375
680,0.51953125
681,0.5
682,0.212890625
683,1.03125
684,0.87109375
685,0.498046875
686,0.54296875
687,0.2119140625
688,0.83203125
689,0.5
690,1.0546875
691,0.94921875
692,0.8046875
693,0.60546875
694,0.2578125
695,0.6640625
696,0.83203125
697,0.515625
698,0.462890625
699,0.6953125
700,0.59765625
701,0.8046875
702,0.498046875
703,0.470703125
704,0.369140625
705,0.361328125
706,0.68359375
707,0.890625
708,1.15625
709,0.5078125
710,0.8046875
711,0.419921875
712,0.6484375
713,0.73046875
714,0.87109375
715,0.86328125
716,0.51953125
717,0.74609375
718,0.703125
719,0.72265625
720,0.7421875
721,0.7109375
722,0.890625
723,0.46875
724,0.75
725,0.66796875
726,0.6015625
727,0.423828125
728,0.76953125
729,0.255859375
730,0.65234375
731,0.7734375
732,1.0078125
733,0.431640625
734,0.5234375
735,0.6328125
736,0.6015625
737,0.8828125
738,0.6484375
739,0.3984375
740,0.88671875
741,1.2265625
742,0.1748046875
743,0.7734375
744,0.67578125
745,0.78125
746,1.0234375
747,0.71484375
748,1.1640625
749,0.74609375
750,0.466796875
751,0.6484375
752,0.46875
753,0.84765625
754,0.59375
755,0.65625
756,0.369140625
757,0.59375
758,0.337890625
759,0.5859375
760,0.671875
761,0.482421875
762,0.56640625
763,0.68359375
764,0.9453125
765,0.55078125
766,0.46875
767,0.4140625
768,0.47265625
769,0.421875
770,0.55078125
771,0.42578125
772,0.98046875
773,0.71875
774,0.78515625
775,1.203125
776,0.890625
777,0.390625
778,0.5
779,0.5234375
780,0.43359375
781,0.7578125
782,0.58984375
783,0.44140625
784,0.9296875
785,0.546875
786,0.7734375
787,0.42578125
788,0.71484375
789,0.66015625
790,0.65625
791,0.6796875
792,0.5859375
793,0.84375
794,0.453125
795,1.2734375
796,0.296875
797,0.75390625
798,0.48046875
799,1.0
800,0.6484375
801,0.4921875
802,0.326171875
803,0.625
804,0.71875
805,0.9609375
806,0.765625
807,0.77734375
808,0.57421875
809,0.7890625
810,0.5703125
811,1.125
812,0.83203125
813,0.63671875
814,0.6640625
815,0.703125
816,0.6171875
817,0.52734375
818,0.5703125
819,0.6328125
820,0.859375
821,0.27734375
822,1.03125
823,0.25
824,0.765625
825,0.6015625
826,0.4296875
827,0.369140625
828,0.30078125
829,0.6328125
830,0.671875
831,0.49609375
832,0.7265625
833,0.40625
834,0.67578125
835,0.6015625
836,0.56640625
837,0.53125
838,1.0078125
839,0.400390625
840,0.443359375
841,0.427734375
842,0.81640625
843,0.67578125
844,0.42578125
845,0.9296875
846,0.80859375
847,0.578125
848,0.609375
849,0.6015625
850,0.6484375
851,0.7421875
852,0.38671875
853,1.3359375
854,0.255859375
855,0.57421875
856,0.7578125
857,0.421875
858,0.44921875
859,0.55859375
860,0.66015625
861,0.80078125
862,0.6015625
863,0.6328125
864,0.64453125
865,0.6328125
866,0.6171875
867,0.45703125
868,0.328125
869,1.265625
870,0.59375
871,0.72265625
872,0.50390625
873,0.8828125
874,0.63671875
875,0.65234375
876,0.625
877,1.015625
878,0.83984375
879,0.7890625
880,0.28125
881,0.6640625
882,0.490234375
883,0.78515625
884,0.6875
885,0.451171875
886,0.765625
887,0.8515625
888,0.80859375
889,0.41015625
890,0.546875
891,0.474609375
892,0.6484375
893,0.55078125
894,0.4296875
895,0.384765625
896,0.294921875
897,0.81640625
898,0.8203125
899,0.62890625
900,0.98828125
901,0.404296875
902,0.6171875
903,0.4453125
904,0.7265625
905,0.8046875
906,0.54296875
907,0.80859375
908,0.63671875
909,0.365234375
910,0.890625
911,0.51953125
912,0.78125
913,1.0546875
914,0.66015625
915,0.4765625
916,0.92578125
917,1.171875
918,0.515625
919,0.984375
920,0.5546875
921,0.6484375
922,0.73828125
923,0.5390625
924,0.7734375
925,0.5
926,0.451171875
927,0.3671875
928,0.478515625
929,0.3984375
930,0.515625
931,0.953125
932,0.337890625
933,0.494140625
934,0.53125
935,0.369140625
936,0.61328125
937,0.45703125
938,0.5390625
939,0.21875
940,0.28125
941,0.71875
942,0.6328125
943,0.1455078125
944,0.5859375
945,1.0703125
946,0.400390625
947,0.36328125
948,0.478515625
949,1.2265625
950,0.6328125
951,0.419921875
952,0.63671875
953,1.046875
954,0.62890625
955,0.96875
956,0.5625
957,0.6328125
958,0.326171875
959,0.68359375
960,1.1953125
961,0.91796875
962,0.466796875
963,0.86328125
964,0.52734375
965,0.7421875
966,0.640625
967,1.0546875
968,0.494140625
969,0.48828125
970,0.83984375
971,0.1953125
972,0.376953125
973,0.298828125
974,0.625
975,0.56640625
976,0.5625
977,0.37109375
978,0.72265625
979,0.61328125
980,0.63671875
981,0.67578125
982,0.7421875
983,0.46484375
984,0.369140625
985,0.80078125
986,0.462890625
987,0.109375
988,0.609375
989,0.5703125
990,0.341796875
991,0.56640625
992,0.9765625
993,0.58203125
994,0.37890625
995,0.58984375
996,0.4765625
997,0.41796875
998,0.5859375
999,1.0625
1000,0.9296875
1001,0.6484375
1002,0.7421875
1003,0.9140625
1004,0.4140625
1005,0.53125
1006,0.451171875
1007,1.0
1008,0.45703125
1009,0.423828125
1010,0.86328125
1011,0.421875
1012,0.439453125
1013,0.828125
1014,0.76953125
1015,0.609375
1016,0.953125
1017,0.8203125
1018,0.578125
1019,0.7578125
1020,0.396484375
1021,0.4140625
1022,0.96484375
1023,0.609375
1024,0.69140625
1025,0.388671875
1026,0.5234375
1027,0.49609375
1028,0.74609375
1029,0.28125
1030,1.1328125
1031,0.474609375
1032,0.98828125
1033,0.4609375
1034,0.8515625
1035,0.4765625
1036,0.64453125
1037,0.734375
1038,0.5078125
1039,0.5
1040,0.0966796875
1041,0.474609375
1042,0.609375
1043,0.5625
1044,0.5234375
1045,0.6875
1046,0.337890625
1047,0.44140625
1048,0.80859375
1049,0.46484375
1050,0.67578125
1051,0.40625
1052,0.6171875
1053,0.396484375
1054,0.734375
1055,0.64453125
1056,0.7421875
1057,0.3671875
1058,0.474609375
1059,0.6328125
1060,0.53125
1061,0.392578125
1062,0.53515625
1063,0.478515625
1064,0.5703125
1065,1.078125
1066,0.478515625
1067,0.275390625
1068,0.890625
1069,0.6484375
1070,0.60546875
1071,0.8671875
1072,0.69921875
1073,1.0
1074,0.6171875
1075,0.94921875
1076,0.390625
1077,0.64453125
1078,0.6640625
1079,0.83203125
1080,0.74609375
1081,0.326171875
1082,0.640625
1083,1.03125
1084,0.8984375
1085,0.68359375
1086,0.53125
1087,0.416015625
1088,0.314453125
1089,0.47265625
1090,0.59765625
1091,0.5703125
1092,0.66015625
1093,0.75390625
1094,0.5078125
1095,0.400390625
1096,0.61328125
1097,0.9140625
1098,0.55859375
1099,0.65625
1100,0.50390625
1101,1.03125
1102,0.3984375
1103,0.4765625
1104,0.396484375
1105,0.7578125
1106,0.515625
1107,0.5859375
1108,0.9140625
1109,0.7734375
1110,0.671875
1111,0.2412109375
1112,0.69140625
1113,0.80078125
1114,0.91015625
1115,0.51953125
1116,0.515625
1117,0.8515625
1118,0.41796875
1119,0.22265625
1120,0.63671875
1121,0.8515625
1122,0.59375
1123,0.48046875
1124,0.5625
1125,0.216796875
1126,0.328125
1127,0.2578125
1128,0.625
1129,0.498046875
1130,0.5078125
1131,0.6328125
1132,0.51953125
1133,0.84375
1134,0.28125
1135,0.796875
1136,0.53125
1137,0.6171875
1138,0.41015625
1139,0.359375
1140,0.640625
1141,0.34765625
1142,0.7265625
1143,0.734375
1144,0.498046875
1145,0.83984375
1146,0.74609375
1147,0.4375
1148,0.4453125
1149,0.7265625
1150,0.4765625
1151,0.6171875
1152,0.9609375
1153,0.625
1154,0.578125
1155,0.578125
1156,0.671875
1157,0.78515625
1158,0.490234375
1159,0.85546875
1160,0.49609375
1161,0.44140625
1162,0.82421875
1163,0.59765625
1164,0.625
1165,0.470703125
1166,0.75390625
1167,0.55078125
1168,0.6640625
1169,0.91015625
1170,0.625
1171,0.75390625
1172,0.66015625
1173,0.5703125
1174,0.41015625
1175,0.7734375
1176,0.71484375
1177,0.296875
1178,0.90234375
1179,1.046875
1180,0.9921875
1181,0.392578125
1182,0.6875
1183,0.59765625
1184,0.74609375
1185,0.546875
1186,0.439453125
1187,0.890625
1188,0.396484375
1189,0.43359375
1190,0.83984375
1191,0.984375
1192,0.2314453125
1193,1.0859375
1194,0.609375
1195,0.828125
1196,0.515625
1197,0.53515625
1198,0.4140625
1199,0.60546875
1200,0.546875
1201,0.53125
1202,0.48828125
1203,0.4375
1204,1.0390625
1205,0.6328125
1206,0.8203125
1207,0.49609375
1208,0.78125
1209,0.79296875
1210,0.5859375
1211,0.447265625
1212,0.31640625
1213,0.412109375
1214,0.5859375
1215,0.91796875
1216,0.40625
1217,0.490234375
1218,0.82421875
1219,0.578125
1220,0.3671875
1221,0.515625
1222,0.5078125
1223,0.4140625
1224,0.671875
1225,0.6015625
1226,0.453125
1227,0.375
1228,0.5078125
1229,0.421875
1230,0.40625
1231,0.2060546875
1232,0.263671875
1233,0.337890625
1234,0.609375
1235,0.3984375
1236,0.32421875
1237,0.92578125
1238,0.25
1239,0.7265625
1240,0.7265625
1241,0.55078125
1242,0.8125
1243,0.53125
1244,0.734375
1245,0.8203125
1246,0.40625
1247,0.6953125
1248,1.171875
1249,0.310546875
1250,1.2109375
1251,0.60546875
1252,0.6875
1253,0.91796875
1254,0.44921875
1255,0.625
1256,1.1875
1257,0.78515625
1258,0.390625
1259,0.51953125
1260,0.80859375
1261,0.435546875
1262,0.6328125
1263,0.33984375
1264,0.66796875
1265,0.6328125
1266,0.8359375
1267,0.703125
1268,0.3125
1269,0.46484375
1270,0.396484375
1271,0.416015625
1272,0.28515625
1273,0.984375
1274,0.482421875
1275,0.419921875
1276,0.50390625
1277,0.73046875
1278,0.6328125
1279,0.69921875
1280,0.46875
1281,0.49609375
1282,0.353515625
1283,0.318359375
1284,0.41015625
1285,0.59375
1286,0.75
1287,0.7890625
1288,0.306640625
1289,0.396484375
1290,0.734375
1291,0.66015625
1292,0.65234375
1293,0.64453125
1294,0.24609375
1295,0.490234375
1296,0.5703125
1297,0.8125
1298,0.546875
1299,0.6171875
1300,0.326171875
1301,0.484375
1302,1.0625
1303,0.66796875
1304,0.388671875
1305,0.66015625
1306,0.75390625
1307,0.60546875
1308,0.8125
1309,0.7734375
1310,0.408203125
1311,0.2197265625
1312,0.9140625
1313,0.466796875
1314,0.33203125
1315,0.5859375
1316,0.76171875
1317,0.484375
1318,0.921875
1319,0.89453125
1320,0.76171875
1321,0.22265625
1322,0.58984375
1323,0.1865234375
1324,0.65625
1325,0.380859375
1326,0.5625
1327,0.75
1328,0.212890625
1329,0.41015625
1330,0.353515625
1331,0.46484375
1332,0.6640625
1333,0.439453125
1334,0.3671875
1335,0.255859375
1336,0.5859375
1337,0.65234375
1338,0.28515625
1339,0.58203125
1340,0.294921875
1341,0.74609375
1342,0.57421875
1343,0.42578125
1344,0.298828125
1345,0.5546875
1346,0.5703125
1347,0.890625
1348,0.45703125
1349,0.376953125
1350,0.376953125
1351,0.671875
1352,0.6484375
1353,0.9609375
1354,0.21484375
1355,1.140625
1356,0.455078125
1357,0.44921875
1358,0.75390625
1359,0.59375
1360,0.51171875
1361,0.4765625
1362,0.447265625
1363,0.71484375
1364,0.73046875
1365,0.4921875
1366,0.3671875
1367,0.5
1368,0.482421875
1369,0.50390625
1370,0.53125
1371,0.6953125
1372,0.408203125
1373,0.68359375
1374,0.369140625
1375,0.5
1376,0.75390625
1377,0.9453125
1378,0.625
1379,0.375
1380,0.28515625
1381,0.40234375
1382,0.7421875
1383,0.875
1384,0.66796875
1385,0.421875
1386,0.61328125
1387,0.58984375
1388,0.625
1389,0.28125
1390,0.62890625
1391,0.7890625
1392,0.7578125
1393,0.4375
1394,0.71875
1395,0.412109375
1396,0.65234375
1397,0.66015625
1398,0.341796875
1399,1.390625
1400,0.63671875
1401,0.5234375
1402,0.40234375
1403,0.41015625
1404,0.58203125
1405,1.265625
1406,1.109375
1407,0.5078125
1408,0.69921875
1409,0.388671875
1410,0.77734375
1411,0.7109375
1412,0.6875
1413,0.7890625
1414,1.015625
1415,0.333984375
1416,0.75390625
1417,0.4140625
1418,0.5546875
1419,0.36328125
1420,0.56640625
1421,0.41796875
1422,0.4140625
1423,0.380859375
1424,0.78125
1425,0.400390625
1426,0.310546875
1427,0.66796875
1428,0.53125
1429,0.302734375
1430,0.498046875
1431,0.87890625
1432,0.07275390625
1433,0.6796875
1434,0.56640625
1435,0.36328125
1436,0.65625
1437,0.93359375
1438,0.388671875
1439,0.70703125
1440,0.51171875
1441,0.6640625
1442,0.62109375
1443,0.6796875
1444,0.2470703125
1445,0.703125
1446,0.72265625
1447,0.6015625
1448,0.72265625
1449,0.55859375
1450,0.419921875
1451,0.8671875
1452,0.482421875
1453,0.60546875
1454,1.2265625
1455,0.6171875
1456,0.51953125
1457,0.68359375
1458,0.443359375
1459,0.3984375
1460,0.359375
1461,0.796875
1462,0.4296875
1463,0.74609375
1464,0.57421875
1465,0.625
1466,0.61328125
1467,0.36328125
1468,0.408203125
1469,0.76171875
1470,0.28125
1471,0.61328125
1472,0.40234375
1473,0.458984375
1474,0.75
1475,1.328125
1476,0.6796875
1477,0.283203125
1478,0.5078125
1479,0.515625
1480,0.5234375
1481,0.126953125
1482,0.287109375
1483,0.42578125
1484,0.380859375
1485,0.59765625
1486,0.62890625
1487,0.65234375
1488,0.62109375
1489,0.625
1490,0.6953125
1491,0.609375
1492,0.3515625
1493,0.435546875
1494,0.435546875
1495,0.306640625
1496,0.38671875
1497,0.1572265625
1498,0.375
1499,0.9140625
1500,0.85546875
1501,0.87890625
1502,0.734375
1503,0.26953125
1504,0.7421875
1505,0.83984375
1506,0.78125
1507,0.50390625
1508,0.69921875
1509,0.609375
1510,0.71875
1511,0.98828125
1512,0.49609375
1513,0.484375
1514,0.431640625
1515,0.87890625
1516,0.392578125
1517,0.71484375
1518,0.515625
1519,0.3203125
1520,0.5078125
1521,0.50390625
1522,0.443359375
1523,0.5390625
1524,0.84765625
1525,0.412109375
1526,0.46875
1527,0.66015625
1528,0.7109375
1529,0.333984375
1530,1.21875
1531,0.515625
1532,0.296875
1533,0.4921875
1534,0.640625
1535,0.310546875
1536,0.212890625
1537,0.3984375
1538,0.390625
1539,0.48828125
1540,0.35546875
1541,0.69140625
1542,0.294921875
1543,1.2890625
1544,0.625
1545,0.671875
1546,0.470703125
1547,0.62890625
1548,0.64453125
1549,0.6171875
1550,0.55078125
1551,0.392578125
1552,0.4921875
1553,0.361328125
1554,0.68359375
1555,0.73828125
1556,0.3671875
1557,0.64453125
1558,0.71484375
1559,0.8359375
1560,0.55078125
1561,0.828125
1562,0.5234375
1563,0.8125
1564,0.4453125
1565,0.54296875
1566,0.28515625
1567,0.451171875
1568,0.37109375
1569,0.609375
1570,0.98046875
1571,0.41796875
1572,0.56640625
1573,0.29296875
1574,0.40625
1575,0.5078125
1576,0.765625
1577,0.44140625
1578,1.015625
1579,0.76953125
1580,0.478515625
1581,1.03125
1582,0.431640625
1583,0.609375
1584,0.6953125
1585,0.56640625
1586,0.60546875
1587,0.8671875
1588,0.6328125
1589,0.703125
1590,1.0
1591,0.78125
1592,0.87109375
1593,0.4921875
1594,0.6171875
1595,0.6328125
1596,0.4921875
1597,0.99609375
1598,0.4296875
1599,0.69921875
1600,0.5234375
1601,0.2314453125
1602,0.1767578125
1603,0.953125
1604,0.53515625
1605,0.4609375
1606,0.265625
1607,0.8828125
1608,0.7421875
1609,0.69921875
1610,0.47265625
1611,1.0234375
1612,0.67578125
1613,0.76953125
1614,0.27734375
1615,0.9453125
1616,0.59375
1617,0.55859375
1618,0.73046875
1619,0.87109375
1620,0.5546875
1621,0.62109375
1622,1.015625
1623,0.640625
1624,0.46484375
1625,0.6171875
1626,0.341796875
1627,0.50390625
1628,1.9921875
1629,0.458984375
1630,0.7421875
1631,0.494140625
1632,0.3671875
1633,0.98046875
1634,0.625
1635,0.4921875
1636,0.251953125
1637,0.65625
1638,0.25
1639,0.81640625
1640,0.5
1641,0.65625
1642,0.796875
1643,0.4765625
1644,0.7890625
1645,1.375
1646,0.3203125
1647,0.8203125
1648,0.138671875
1649,0.59765625
1650,0.578125
1651,1.0234375
1652,0.314453125
1653,1.09375
1654,0.4765625
1655,0.66796875
1656,0.53125
1657,0.7890625
1658,0.6953125
1659,0.5390625
1660,0.4765625
1661,0.478515625
1662,0.43359375
1663,0.90234375
1664,0.474609375
1665,0.26171875
1666,0.30859375
1667,0.5546875
1668,0.9375
1669,0.84375
1670,0.8515625
1671,0.56640625
1672,0.376953125
1673,0.3671875
1674,0.50390625
1675,0.5703125
1676,0.69140625
1677,0.302734375
1678,0.55859375
1679,1.0
1680,0.734375
1681,0.36328125
1682,0.33984375
1683,0.671875
1684,0.248046875
1685,0.51953125
1686,1.0546875
1687,1.8203125
1688,0.427734375
1689,0.48828125
1690,0.498046875
1691,0.373046875
1692,0.78125
1693,0.3515625
1694,0.435546875
1695,0.51171875
1696,0.734375
1697,0.671875
1698,0.64453125
1699,0.470703125
1700,0.58203125
1701,0.71484375
1702,0.5078125
1703,0.423828125
1704,0.265625
1705,0.75
1706,0.86328125
1707,0.330078125
1708,0.30859375
1709,0.6484375
1710,0.96875
1711,0.78515625
1712,0.55859375
1713,0.52734375
1714,0.5625
1715,0.3359375
1716,0.8125
1717,0.357421875
1718,0.953125
1719,0.5703125
1720,0.3515625
1721,0.2890625
1722,0.7109375
1723,0.56640625
1724,0.3984375
1725,0.546875
1726,0.58984375
1727,0.48046875
1728,0.453125
1729,0.671875
1730,0.69921875
1731,1.328125
1732,0.58984375
1733,0.640625
1734,0.75390625
1735,0.4140625
1736,0.453125
1737,0.34765625
1738,0.35546875
1739,0.61328125
1740,0.83203125
1741,0.330078125
1742,0.466796875
1743,0.36328125
1744,0.90234375
1745,0.2275390625
1746,0.78125
1747,0.28125
1748,1.078125
1749,0.4296875
1750,0.482421875
1751,0.625
1752,0.78125
1753,0.306640625
1754,0.37890625
1755,0.1943359375
1756,0.34375
1757,0.392578125
1758,0.3671875
1759,0.458984375
1760,0.69140625
1761,0.330078125
1762,0.57421875
1763,0.318359375
1764,0.416015625
1765,0.462890625
1766,0.48828125
1767,0.6640625
1768,0.57421875
1769,0.734375
1770,0.435546875
1771,0.9765625
1772,0.65625
1773,0.291015625
1774,0.408203125
1775,0.53125
1776,0.625
1777,0.3671875
1778,0.5703125
1779,0.92578125
1780,1.078125
1781,0.7265625
1782,0.66796875
1783,0.10595703125
1784,0.1181640625
1785,0.310546875
1786,0.59765625
1787,0.490234375
1788,0.6796875
1789,0.64453125
1790,0.609375
1791,0.416015625
1792,0.77734375
1793,0.53515625
1794,1.2578125
1795,0.36328125
1796,0.66796875
1797,0.69921875
1798,0.703125
1799,0.625
1800,0.54296875
1801,0.75
1802,0.48046875
1803,0.578125
1804,0.6796875
1805,0.494140625
1806,0.578125
1807,0.56640625
1808,0.38671875
1809,0.361328125
1810,0.32421875
1811,0.5078125
1812,0.6796875
1813,0.62109375
1814,0.55859375
1815,1.1640625
1816,0.44921875
1817,0.671875
1818,0.255859375
1819,0.60546875
1820,0.9609375
1821,1.0625
1822,0.32421875
1823,0.5625
1824,0.498046875
1825,0.28125
1826,0.65625
1827,0.5859375
1828,0.53515625
1829,0.416015625
1830,0.38671875
1831,0.78125
1832,0.59375
1833,0.314453125
1834,0.75
1835,0.6953125
1836,0.59765625
1837,0.5078125
1838,0.82421875
1839,0.443359375
1840,0.1962890625
1841,0.41015625
1842,0.515625
1843,0.8359375
1844,1.1015625
1845,0.6171875
1846,0.5703125
1847,0.37109375
1848,0.6171875
1849,0.53125
1850,0.609375
1851,0.60546875
1852,0.53515625
1853,0.875
1854,0.412109375
1855,0.45703125
1856,0.359375
1857,0.609375
1858,0.74609375
1859,0.40234375
1860,0.73046875
1861,0.53125
1862,0.828125
1863,0.92578125
1864,0.8203125
1865,1.1328125
1866,0.984375
1867,0.77734375
1868,0.59765625
1869,0.380859375
1870,0.392578125
1871,0.6796875
1872,0.69140625
1873,0.54296875
1874,0.443359375
1875,0.236328125
1876,0.33984375
1877,0.31640625
1878,0.1650390625
1879,0.73046875
1880,0.6875
1881,0.515625
1882,0.5234375
1883,0.69140625
1884,0.84765625
1885,0.54296875
1886,0.4921875
1887,0.54296875
1888,0.5078125
1889,0.494140625
1890,0.7421875
1891,0.43359375
1892,0.765625
1893,0.5
1894,0.765625
1895,0.921875
1896,0.53515625
1897,0.431640625
1898,0.3828125
1899,0.51953125
1900,0.3359375
1901,0.9765625
1902,0.515625
1903,0.61328125
1904,0.322265625
1905,0.76953125
1906,0.86328125
1907,0.58203125
1908,0.78515625
1909,1.125
1910,0.77734375
1911,0.400390625
1912,0.703125
1913,0.48046875
1914,0.90234375
1915,0.71484375
1916,0.376953125
1917,0.380859375
1918,0.5859375
1919,0.66015625
1920,0.52734375
1921,0.84765625
1922,0.490234375
1923,0.4375
1924,0.427734375
1925,0.90625
1926,0.76953125
1927,0.671875
1928,0.6875
1929,0.8046875
1930,0.609375
1931,0.47265625
1932,1.0546875
1933,0.6171875
1934,0.515625
1935,0.486328125
1936,0.6171875
1937,0.5546875
1938,0.453125
1939,0.5234375
1940,0.85546875
1941,0.482421875
1942,0.96484375
1943,0.39453125
1944,0.5546875
1945,0.40234375
1946,0.57421875
1947,0.875
1948,0.431640625
1949,0.6171875
1950,1.0078125
1951,0.53515625
1952,0.94921875
1953,0.67578125
1954,0.39453125
1955,0.5625
1956,0.3515625
1957,0.7734375
1958,0.25390625
1959,0.470703125
1960,0.53125
1961,0.703125
1962,0.416015625
1963,0.62890625
1964,0.265625
1965,0.8359375
1966,0.7890625
1967,0.1259765625
1968,0.115234375
1969,0.43359375
1970,0.67578125
1971,0.439453125
1972,0.640625
1973,0.62890625
1974,0.36328125
1975,0.53125
1976,0.953125
1977,0.5390625
1978,0.64453125
1979,0.76953125
1980,0.72265625
1981,0.455078125
1982,0.396484375
1983,0.1708984375
1984,0.73828125
1985,0.55859375
1986,0.515625
1987,0.5390625
1988,0.88671875
1989,0.4296875
1990,0.466796875
1991,0.28515625
1992,0.337890625
1993,0.2734375
1994,0.6171875
1995,0.55859375
1996,0.3125
1997,0.4609375
1998,0.177734375
1999,0.423828125
2000,0.48828125
2001,0.296875
2002,0.5859375
2003,0.65234375
2004,0.52734375
2005,1.0859375
2006,0.65625
2007,0.91015625
2008,0.4453125
2009,0.31640625
2010,0.5234375
2011,0.37890625
2012,0.875
2013,0.578125
2014,0.44140625
2015,0.376953125
2016,0.5390625
2017,0.7578125
2018,0.396484375
2019,0.3125
2020,0.9921875
2021,0.318359375
2022,0.3125
2023,0.61328125
2024,0.62109375
2025,0.328125
2026,0.287109375
2027,0.376953125
2028,0.62109375
2029,1.015625
2030,0.27734375
2031,0.8359375
2032,0.70703125
2033,0.92578125
2034,0.5625
2035,0.44921875
2036,0.703125
2037,0.92578125
2038,1.3125
2039,0.8515625
2040,0.3671875
2041,0.51953125
2042,0.609375
2043,0.14453125
2044,0.35546875
2045,0.7890625
2046,0.8515625
2047,0.6484375
2048,0.439453125
2049,0.61328125
2050,0.51953125
2051,0.484375
2052,0.416015625
2053,0.50390625
2054,0.2412109375
2055,0.28125
2056,0.3828125
2057,0.3671875
2058,0.828125
2059,0.8359375
2060,0.9296875
2061,0.4296875
2062,0.625
2063,0.2412109375
2064,0.1435546875
2065,0.396484375
2066,0.7109375
2067,0.94921875
2068,0.302734375
2069,0.51171875
2070,0.5546875
2071,1.0234375
2072,0.2490234375
2073,0.61328125
2074,0.494140625
2075,0.41015625
2076,0.53125
2077,0.578125
2078,1.046875
2079,0.61328125
2080,0.80078125
2081,0.4609375
2082,0.546875
2083,0.671875
2084,0.41796875
2085,0.53125
2086,0.384765625
2087,0.55078125
2088,0.490234375
2089,0.515625
2090,0.60546875
2091,0.45703125
2092,0.7421875
2093,0.89453125
2094,0.421875
2095,0.388671875
2096,0.494140625
2097,0.26953125
2098,0.28515625
2099,0.74609375
2100,0.419921875
2101,0.74609375
2102,0.20703125
2103,0.546875
2104,0.43359375
2105,0.7109375
2106,0.369140625
2107,0.54296875
2108,0.609375
2109,0.58203125
2110,0.28515625
2111,0.53125
2112,0.59375
2113,0.5703125
2114,1.03125
2115,0.46484375
2116,0.703125
2117,0.6171875
2118,0.59765625
2119,0.53125
2120,0.5703125
2121,0.458984375
2122,0.5390625
2123,1.390625
2124,0.69921875
2125,0.83984375
2126,0.80859375
2127,0.51171875
2128,0.8046875
2129,0.66796875
2130,0.419921875
2131,0.875
2132,0.37890625
2133,0.4375
2134,0.55078125
2135,0.6953125
2136,0.59765625
2137,0.55859375
2138,0.77734375
2139,0.427734375
2140,0.953125
2141,0.35546875
2142,0.470703125
2143,1.0625
2144,0.2099609375
2145,0.78125
2146,0.494140625
2147,0.61328125
2148,0.51171875
2149,0.443359375
2150,0.515625
2151,0.349609375
2152,0.7265625
2153,0.55859375
2154,0.41015625
2155,0.296875
2156,0.4765625
2157,0.427734375
2158,0.3203125
2159,0.50390625
2160,0.38671875
2161,0.68359375
2162,0.609375
2163,0.451171875
2164,0.60546875
2165,0.515625
2166,0.70703125
2167,0.9765625
2168,0.72265625
2169,0.376953125
2170,0.396484375
2171,0.47265625
2172,0.52734375
2173,0.203125
2174,0.69921875
2175,0.703125
2176,0.52734375
2177,0.404296875
2178,0.66796875
2179,0.6640625
2180,0.35546875
2181,0.59375
2182,0.78125
2183,0.27734375
2184,0.5625
2185,0.66796875
2186,0.6171875
2187,0.2353515625
2188,0.85546875
2189,0.404296875
2190,1.0390625
2191,0.55078125
2192,0.96484375
2193,0.7890625
2194,0.41015625
2195,0.9609375
2196,0.2138671875
2197,0.65625
2198,0.392578125
2199,0.93359375
2200,0.59765625
2201,0.8359375
2202,1.0
2203,0.91796875
2204,0.734375
2205,0.8984375
2206,0.73828125
2207,0.310546875
2208,1.0546875
2209,0.5078125
2210,0.5078125
2211,1.0
2212,0.6171875
2213,0.6328125
2214,0.419921875
2215,0.43359375
2216,0.357421875
2217,0.232421875
2218,0.51953125
2219,0.30078125
2220,0.88671875
2221,0.3203125
2222,0.4296875
2223,0.6875
2224,0.1455078125
2225,0.62109375
2226,0.609375
2227,1.1953125
2228,0.62890625
2229,0.78125
2230,0.357421875
2231,0.404296875
2232,0.71484375
2233,0.4765625
2234,0.32421875
2235,0.51171875
2236,0.71875
2237,0.43359375
2238,0.3203125
2239,0.5078125
2240,0.515625
2241,0.546875
2242,1.21875
2243,0.71484375
2244,0.341796875
2245,0.37109375
2246,0.2353515625
2247,0.474609375
2248,0.90625
2249,0.59765625
2250,0.515625
2251,1.171875
2252,0.365234375
2253,0.609375
2254,0.53515625
2255,0.3828125
2256,0.546875
2257,1.2734375
2258,0.640625
2259,0.345703125
2260,0.53125
2261,0.78125
2262,0.78125
2263,0.263671875
2264,0.314453125
2265,1.4453125
2266,0.43359375
2267,0.7734375
2268,0.29296875
2269,0.92578125
2270,0.8203125
2271,0.7265625
2272,0.7265625
2273,0.65625
2274,0.494140625
2275,0.640625
2276,0.322265625
2277,0.828125
2278,0.5625
2279,0.390625
2280,0.5
2281,0.353515625
2282,0.84765625
2283,0.8515625
2284,0.78125
2285,0.46484375
2286,0.71484375
2287,0.45703125
2288,0.5078125
2289,1.3515625
2290,0.40234375
2291,0.43359375
2292,0.392578125
2293,0.60546875
2294,0.55859375
2295,0.41015625
2296,1.0234375
2297,0.7265625
2298,0.90234375
2299,0.875
2300,0.67578125
2301,0.6015625
2302,0.6328125
2303,0.33984375
2304,0.50390625
2305,0.765625
2306,0.73828125
2307,0.359375
2308,0.3359375
2309,0.5546875
2310,0.328125
2311,1.28125
2312,0.625
2313,0.96875
2314,0.2265625
2315,0.53515625
2316,0.470703125
2317,0.349609375
2318,0.302734375
2319,0.45703125
2320,0.1142578125
2321,0.392578125
2322,0.6953125
2323,0.58984375
2324,1.40625
2325,0.6640625
2326,0.369140625
2327,0.64453125
2328,0.287109375
2329,0.53125
2330,0.5078125
2331,0.6953125
2332,0.69140625
2333,0.25
2334,0.349609375
2335,0.58984375
2336,0.71484375
2337,0.44140625
2338,0.51171875
2339,0.703125
2340,0.828125
2341,0.59765625
2342,0.19921875
2343,0.8203125
2344,0.318359375
2345,0.59765625
2346,0.7109375
2347,0.82421875
2348,0.55859375
2349,0.6328125
2350,0.7734375
2351,0.609375
2352,0.578125
2353,0.73828125
2354,0.953125
2355,0.64453125
2356,0.5546875
2357,0.72265625
2358,0.388671875
2359,0.859375
2360,0.97265625
2361,0.326171875
2362,0.361328125
2363,0.6484375
2364,0.5
2365,0.7578125
2366,1.015625
2367,0.4609375
2368,0.439453125
2369,0.3515625
2370,0.5546875
2371,0.6796875
2372,0.59765625
2373,0.609375
2374,0.46875
2375,0.18359375
2376,0.859375
2377,0.75
2378,1.140625
2379,0.59765625
2380,0.458984375
2381,0.5
2382,0.90234375
2383,0.470703125
2384,1.265625
2385,0.396484375
2386,0.53125
2387,1.125
2388,0.45703125
2389,0.380859375
2390,0.408203125
2391,0.53125
2392,0.365234375
2393,0.62109375
2394,0.5390625
2395,0.59375
2396,0.34765625
2397,0.201171875
2398,0.439453125
2399,0.5390625
2400,0.458984375
2401,0.408203125
2402,0.390625
2403,0.82421875
2404,0.6953125
2405,0.6640625
2406,0.55078125
2407,0.34765625
2408,0.9375
2409,0.50390625
2410,0.2197265625
2411,0.52734375
2412,1.15625
2413,0.984375
2414,0.353515625
2415,0.6796875
2416,0.5703125
2417,0.65234375
2418,0.298828125
2419,0.65625
2420,0.63671875
2421,0.515625
2422,1.2734375
2423,0.3125
2424,0.625
2425,0.296875
2426,1.0390625
2427,1.125
2428,0.58984375
2429,0.46875
2430,0.890625
2431,0.4609375
2432,0.3515625
2433,0.5390625
2434,0.66015625
2435,0.63671875
2436,1.0703125
2437,1.3359375
2438,0.96875
2439,0.3984375
2440,0.337890625
2441,0.77734375
2442,0.376953125
2443,0.9375
2444,0.60546875
2445,0.62890625
2446,0.34765625
2447,0.478515625
2448,0.396484375
2449,0.86328125
2450,0.466796875
2451,0.373046875
2452,0.47265625
2453,0.5625
2454,0.546875
2455,0.80078125
2456,0.671875
2457,0.65234375
2458,0.7109375
2459,0.412109375
2460,0.376953125
2461,0.9375
2462,0.423828125
2463,0.64453125
2464,0.9765625
2465,0.671875
2466,1.078125
2467,0.5546875
2468,0.5625
2469,0.609375
2470,0.60546875
2471,0.51953125
2472,0.62890625
2473,0.859375
2474,0.66015625
2475,0.640625
2476,0.271484375
2477,0.396484375
2478,0.72265625
2479,0.6953125
2480,0.62109375
2481,0.84375
2482,0.341796875
2483,0.419921875
2484,0.640625
2485,0.59765625
2486,0.6015625
2487,0.61328125
2488,0.5078125
2489,0.5625
2490,0.6171875
2491,0.51953125
2492,0.5234375
2493,0.4375
2494,0.51171875
2495,0.52734375
2496,0.7578125
2497,0.625
2498,0.65234375
2499,0.515625
2500,0.376953125
2501,0.58203125
2502,0.7890625
2503,0.57421875
2504,0.49609375
2505,0.59375
2506,0.263671875
2507,0.40625
2508,0.283203125
2509,0.91015625
2510,0.41015625
2511,0.7578125
2512,0.73828125
2513,0.8359375
2514,0.7890625
2515,0.7890625
2516,0.365234375
2517,0.56640625
2518,0.82421875
2519,0.7421875
2520,0.81640625
2521,0.82421875
2522,0.28515625
2523,0.703125
2524,0.4453125
2525,0.408203125
2526,0.365234375
2527,0.54296875
2528,0.3359375
2529,0.75
2530,0.6640625
2531,0.703125
2532,0.8515625
2533,0.546875
2534,0.6328125
2535,0.423828125
2536,0.53125
2537,0.93359375
2538,0.515625
2539,0.72265625
2540,0.447265625
2541,0.6640625
2542,0.349609375
2543,0.9375
2544,0.251953125
2545,0.66015625
2546,0.62890625
2547,0.9453125
2548,0.62109375
2549,0.419921875
2550,1.1171875
2551,0.6328125
2552,0.38671875
2553,0.4921875
2554,0.419921875
2555,0.76171875
2556,0.546875
2557,0.5703125
2558,0.494140625
2559,0.81640625
2560,0.326171875
2561,0.578125
2562,0.60546875
2563,0.3671875
2564,0.55078125
2565,0.65234375
2566,0.77734375
2567,1.0234375
2568,0.53125
2569,0.6796875
2570,0.51953125
2571,0.765625
2572,0.431640625
2573,0.7109375
2574,0.73046875
2575,0.65625
2576,1.03125
2577,1.0078125
2578,0.5625
2579,0.33984375
2580,0.427734375
2581,0.21875
2582,0.388671875
2583,0.65234375
2584,0.62890625
2585,0.640625
2586,0.71484375
2587,0.48828125
2588,0.77734375
2589,0.796875
2590,0.50390625
2591,0.67578125
2592,0.73828125
2593,0.376953125
2594,0.8203125
2595,0.65625
2596,0.55078125
2597,0.216796875
2598,0.40234375
2599,0.50390625
2600,1.0625
2601,0.42578125
2602,0.9296875
2603,0.421875
2604,0.408203125
2605,0.8203125
2606,0.76953125
2607,0.77734375
2608,0.1474609375
2609,1.1953125
2610,0.6015625
2611,0.46875
2612,0.78515625
2613,0.328125
2614,0.44921875
2615,0.66015625
2616,0.58984375
2617,0.1875
2618,0.376953125
2619,0.703125
2620,0.8828125
2621,0.27734375
2622,0.73046875
2623,0.6484375
2624,0.40625
2625,0.8515625
2626,0.9609375
2627,0.875
2628,0.59765625
2629,0.45703125
2630,0.66015625
2631,0.4765625
2632,0.5625
2633,0.84765625
2634,0.5859375
2635,0.423828125
2636,0.58203125
2637,0.4375
2638,0.9453125
2639,0.3203125
2640,0.8046875
2641,0.47265625
2642,0.5390625
2643,0.8671875
2644,0.43359375
2645,0.4140625
2646,0.419921875
2647,0.60546875
2648,0.51953125
2649,0.421875
2650,0.76171875
2651,1.046875
2652,0.73046875
2653,0.62109375
2654,0.62109375
2655,0.55859375
2656,0.478515625
2657,0.87890625
2658,0.765625
2659,0.31640625
2660,0.5234375
2661,0.6875
2662,0.69921875
2663,0.400390625
2664,0.38671875
2665,0.6875
2666,0.9296875
2667,0.625
2668,0.63671875
2669,0.380859375
2670,0.375
2671,0.32421875
2672,0.9453125
2673,0.5625
2674,0.7421875
2675,0.55078125
2676,0.6875
2677,0.58203125
2678,0.42578125
2679,0.60546875
2680,0.40234375
2681,0.259765625
2682,0.97265625
2683,0.6953125
2684,0.73046875
2685,0.7421875
2686,0.671875
2687,0.72265625
2688,0.466796875
2689,1.1484375
2690,0.55859375
2691,0.380859375
2692,0.62109375
2693,0.39453125
2694,0.458984375
2695,1.0546875
2696,0.5703125
2697,0.91015625
2698,0.3203125
2699,0.63671875
2700,0.59765625
2701,0.58984375
2702,0.609375
2703,0.40625
2704,0.447265625
2705,0.625
2706,0.322265625
2707,0.70703125
2708,0.341796875
2709,0.345703125
2710,0.6015625
2711,0.7890625
2712,0.5546875
2713,0.28515625
2714,0.43359375
2715,0.95703125
2716,0.330078125
2717,0.451171875
2718,0.5859375
2719,0.90625
2720,0.7578125
2721,0.69921875
2722,0.294921875
2723,0.71875
2724,0.462890625
2725,0.439453125
2726,0.7109375
2727,0.56640625
2728,0.408203125
2729,0.283203125
2730,0.349609375
2731,0.60546875
2732,0.5703125
2733,0.828125
2734,0.8984375
2735,0.462890625
2736,0.625
2737,0.498046875
2738,0.515625
2739,0.703125
2740,0.59765625
2741,0.32421875
2742,0.86328125
2743,0.71875
2744,0.423828125
2745,1.0625
2746,0.294921875
2747,0.765625
2748,0.41796875
2749,0.546875
2750,0.875
2751,0.283203125
2752,0.9765625
2753,1.0
2754,0.5078125
2755,0.90234375
2756,0.44921875
2757,0.298828125
2758,0.53125
2759,0.65234375
2760,0.875
2761,0.7265625
2762,0.431640625
2763,0.212890625
2764,0.77734375
2765,0.236328125
2766,1.34375
2767,0.47265625
2768,0.4765625
2769,0.349609375
2770,0.3046875
2771,0.37890625
2772,0.84375
2773,0.357421875
2774,0.412109375
2775,0.7578125
2776,0.74609375
2777,0.796875
2778,0.71875
2779,0.314453125
2780,0.671875
2781,0.80078125
2782,0.7109375
2783,0.515625
2784,0.458984375
2785,0.78125
2786,0.6015625
2787,0.796875
2788,0.73046875
2789,0.51171875
2790,0.310546875
2791,0.69140625
2792,1.1953125
2793,0.5234375
2794,0.890625
2795,0.50390625
2796,0.640625
2797,0.625
2798,0.466796875
2799,1.0078125
2800,0.61328125
2801,0.5390625
2802,0.56640625
2803,0.53515625
2804,0.71875
2805,0.75
2806,0.494140625
2807,0.375
2808,0.50390625
2809,0.58984375
2810,0.3125
2811,0.72265625
2812,0.4296875
2813,0.58984375
2814,0.9375
2815,0.5234375
2816,0.625
2817,0.66796875
2818,0.6484375
2819,0.490234375
2820,0.6953125
2821,0.75390625
2822,0.703125
2823,0.3515625
2824,0.490234375
2825,0.5
2826,0.5703125
2827,0.6640625
2828,0.8359375
2829,0.85546875
2830,0.640625
2831,0.9375
2832,0.8203125
2833,0.93359375
2834,0.5078125
2835,0.82421875
2836,0.56640625
2837,0.6796875
2838,0.365234375
2839,0.765625
2840,0.75
2841,0.333984375
2842,0.90234375
2843,0.419921875
2844,0.515625
2845,0.427734375
2846,0.640625
2847,0.4375
2848,0.39453125
2849,0.6171875
2850,0.7265625
2851,0.478515625
2852,0.4296875
2853,0.80859375
2854,0.447265625
2855,0.8984375
2856,0.6953125
2857,0.7421875
2858,0.494140625
2859,0.7734375
2860,0.765625
2861,0.4296875
2862,0.6484375
2863,0.59375
2864,0.91015625
2865,0.45703125
2866,0.474609375
2867,0.54296875
2868,0.265625
2869,0.5234375
2870,0.49609375
2871,0.59375
2872,0.44140625
2873,0.734375
2874,0.74609375
2875,1.0546875
2876,0.53515625
2877,0.91796875
2878,0.62109375
2879,0.95703125
2880,0.455078125
2881,0.7734375
2882,0.7265625
2883,0.427734375
2884,0.91015625
2885,0.55859375
2886,0.5
2887,0.73828125
2888,0.640625
2889,0.5078125
2890,0.8359375
2891,0.8515625
2892,0.85546875
2893,0.765625
2894,0.69921875
2895,0.88671875
2896,0.380859375
2897,0.50390625
2898,0.40234375
2899,1.15625
2900,0.4375
2901,0.796875
2902,0.5
2903,0.56640625
2904,0.84375
2905,0.765625
2906,0.796875
2907,0.63671875
2908,0.80078125
2909,0.6640625
2910,1.0546875
2911,0.58984375
2912,0.63671875
2913,0.7734375
2914,0.8125
2915,0.51171875
2916,0.330078125
2917,0.4609375
2918,0.7578125
2919,0.400390625
2920,0.52734375
2921,0.474609375
2922,0.46484375
2923,0.625
2924,0.75390625
2925,0.265625
2926,0.80859375
2927,0.46484375
2928,0.91015625
2929,0.5078125
2930,0.6015625
2931,1.1875
2932,0.578125
2933,0.65625
2934,0.51953125
2935,0.5703125
2936,0.451171875
2937,0.291015625
2938,0.7109375
2939,0.546875
2940,0.609375
2941,0.66796875
2942,1.0
2943,0.310546875
2944,0.33203125
2945,0.86328125
2946,1.03125
2947,0.515625
2948,0.73046875
2949,0.77734375
2950,0.55859375
2951,0.80078125
2952,0.8359375
2953,0.546875
2954,0.87109375
2955,0.58984375
2956,0.4296875
2957,0.271484375
2958,0.466796875
2959,0.625
2960,0.671875
2961,0.546875
2962,0.92578125
2963,0.2421875
2964,0.81640625
2965,0.640625
2966,0.6484375
2967,0.5234375
2968,0.341796875
2969,0.55078125
2970,0.82421875
2971,0.265625
2972,0.69140625
2973,0.57421875
2974,0.64453125
2975,0.73046875
2976,0.66015625
2977,0.640625
2978,0.7734375
2979,0.75390625
2980,0.333984375
2981,0.5625
2982,0.64453125
2983,0.5859375
2984,0.55859375
2985,0.412109375
2986,0.59375
2987,0.72265625
2988,0.73046875
2989,0.369140625
2990,0.447265625
2991,0.48828125
2992,0.75
2993,0.37109375
2994,0.70703125
2995,0.66015625
2996,0.40625
2997,0.470703125
2998,1.0546875
2999,0.390625
3000,0.8203125
3001,0.40234375
3002,0.470703125
3003,0.703125
3004,0.349609375
3005,0.9609375
3006,0.5390625
3007,0.380859375
3008,0.486328125
3009,0.5078125
3010,0.55078125
3011,0.6875
3012,0.55078125
3013,0.51953125
3014,0.2216796875
3015,0.5859375
3016,0.43359375
3017,0.79296875
3018,0.431640625
3019,0.73828125
3020,0.361328125
3021,0.40625
3022,0.73046875
3023,0.388671875
3024,0.2890625
3025,0.5703125
3026,0.265625
3027,0.55859375
3028,0.6953125
3029,0.375
3030,0.54296875
3031,0.77734375
3032,0.62109375
3033,0.52734375
3034,0.5
3035,0.43359375
3036,0.5234375
3037,0.3125
3038,0.796875
3039,0.435546875
3040,0.56640625
3041,0.46484375
3042,0.66015625
3043,0.427734375
3044,0.373046875
3045,0.625
3046,0.7421875
3047,0.251953125
3048,0.9765625
3049,0.69140625
3050,0.298828125
3051,0.58984375
3052,0.62890625
3053,0.5625
3054,0.275390625
3055,0.57421875
3056,0.6640625
3057,0.734375
3058,0.26171875
3059,0.4765625
3060,0.384765625
3061,0.8125
3062,0.423828125
3063,0.515625
3064,0.4453125
3065,0.78125
3066,0.279296875
3067,0.8359375
3068,0.703125
3069,0.55078125
3070,0.6015625
3071,0.390625
3072,0.6171875
3073,0.53515625
3074,0.58203125
3075,0.8359375
3076,0.80859375
3077,0.53125
3078,0.287109375
3079,0.71875
3080,0.5703125
3081,0.396484375
3082,0.458984375
3083,0.3515625
3084,0.376953125
3085,0.765625
3086,0.4140625
3087,0.416015625
3088,0.640625
3089,0.2412109375
3090,0.46875
3091,0.4140625
3092,0.703125
3093,0.48046875
3094,0.68359375
3095,0.515625
3096,0.68359375
3097,0.51953125
3098,0.1875
3099,0.62109375
3100,0.53125
3101,0.259765625
3102,0.59375
3103,0.68359375
3104,0.2119140625
3105,0.80078125
3106,0.380859375
3107,0.57421875
3108,0.57421875
3109,0.408203125
3110,0.40625
3111,0.50390625
3112,0.515625
3113,0.49609375
3114,0.69921875
3115,0.51171875
3116,0.333984375
3117,0.8359375
3118,0.765625
3119,0.578125
3120,0.55859375
3121,0.359375
3122,0.75
3123,0.2470703125
3124,0.58203125
3125,0.431640625
3126,0.69140625
3127,0.63671875
3128,0.66015625
3129,0.640625
3130,0.7890625
3131,0.2421875
3132,0.609375
3133,0.57421875
3134,0.62109375
3135,0.99609375
3136,0.376953125
3137,0.365234375
3138,0.66796875
3139,0.427734375
3140,0.4765625
3141,0.71875
3142,0.60546875
3143,0.322265625
3144,0.212890625
3145,0.48828125
3146,0.39453125
3147,0.54296875
3148,0.384765625
3149,0.4375
3150,0.74609375
3151,0.2578125
3152,0.5859375
3153,0.37109375
3154,0.38671875
3155,0.63671875
3156,0.62109375
3157,0.26953125
3158,0.59375
3159,0.408203125
3160,0.486328125
3161,0.39453125
3162,0.4140625
3163,0.83203125
3164,0.373046875
3165,0.1845703125
3166,0.515625
3167,0.44140625
3168,0.78515625
3169,1.03125
3170,0.95703125
3171,0.51171875
3172,0.216796875
3173,0.427734375
3174,0.65625
3175,0.890625
3176,0.3203125
3177,0.84765625
3178,0.33203125
3179,0.53125
3180,0.5
3181,0.7109375
3182,0.94140625
3183,0.361328125
3184,0.5859375
3185,0.419921875
3186,0.921875
3187,0.6484375
3188,0.6484375
3189,0.408203125
3190,0.828125
3191,0.50390625
3192,0.40234375
3193,0.5625
3194,0.404296875
3195,0.828125
3196,0.36328125
3197,0.83203125
3198,0.55078125
3199,0.45703125
3200,0.326171875
3201,0.43359375
3202,0.6015625
3203,0.404296875
3204,0.609375
3205,0.73828125
3206,0.90234375
3207,0.400390625
3208,0.81640625
3209,0.48046875
3210,0.63671875
3211,0.8125
3212,0.5390625
3213,0.9765625
3214,0.484375
3215,0.41796875
3216,0.5546875
3217,0.5703125
3218,1.0078125
3219,0.4609375
3220,0.55078125
3221,0.447265625
3222,0.48046875
3223,0.33984375
3224,0.375
3225,0.5546875
3226,0.48828125
3227,0.443359375
3228,0.470703125
3229,0.5546875
3230,0.60546875
3231,0.357421875
3232,0.474609375
3233,0.83203125
3234,0.75390625
3235,0.41015625
3236,0.439453125
3237,0.251953125
3238,0.609375
3239,0.4296875
3240,0.25
3241,0.56640625
3242,0.70703125
3243,0.83203125
3244,0.8671875
3245,0.337890625
3246,0.375
3247,0.7890625
3248,0.44140625
3249,0.703125
3250,0.7578125
3251,0.5625
3252,1.09375
3253,1.0625
3254,0.52734375
3255,0.8515625
3256,0.1923828125
3257,0.90234375
3258,0.54296875
3259,0.640625
3260,0.50390625
3261,0.5390625
3262,0.5859375
3263,0.283203125
3264,0.60546875
3265,0.65234375
3266,0.51171875
3267,1.046875
3268,0.3125
3269,0.91796875
3270,0.220703125
3271,0.79296875
3272,0.796875
3273,0.51171875
3274,0.4453125
3275,0.85546875
3276,0.330078125
3277,0.7265625
3278,0.9296875
3279,0.44921875
3280,0.69921875
3281,0.7265625
3282,0.70703125
3283,0.375
3284,0.478515625
3285,0.412109375
3286,0.5703125
3287,0.7890625
3288,0.46875
3289,0.5859375
3290,0.341796875
3291,0.51171875
3292,0.490234375
3293,0.640625
3294,0.4375
3295,0.33203125
3296,0.423828125
3297,0.796875
3298,0.5703125
3299,0.291015625
3300,0.67578125
3301,0.79296875
3302,1.0703125
3303,0.66015625
3304,0.271484375
3305,0.279296875
3306,0.59765625
3307,0.6328125
3308,0.8125
3309,0.921875
3310,0.2197265625
3311,0.416015625
3312,0.50390625
3313,0.703125
3314,0.63671875
3315,0.625
3316,1.59375
3317,0.1953125
3318,0.373046875
3319,0.267578125
3320,0.734375
3321,0.734375
3322,0.5625
3323,0.50390625
3324,0.388671875
3325,0.53515625
3326,0.58203125
3327,0.921875
3328,0.55859375
3329,0.404296875
3330,0.296875
3331,0.2490234375
3332,0.32421875
3333,0.59765625
3334,0.68359375
3335,0.859375
3336,0.5078125
3337,0.68359375
3338,0.7109375
3339,0.6328125
3340,0.4921875
3341,0.8515625
3342,0.76953125
3343,0.44140625
3344,0.7578125
3345,0.8046875
3346,0.58203125
3347,0.28515625
3348,0.640625
3349,0.59375
3350,0.546875
3351,0.484375
3352,0.63671875
3353,0.51953125
3354,0.578125
3355,0.6796875
3356,0.75390625
3357,0.6015625
3358,0.515625
3359,0.40625
3360,0.58984375
3361,0.54296875
3362,1.0234375
3363,0.52734375
3364,0.53125
3365,0.408203125
3366,0.8359375
3367,0.57421875
3368,0.80078125
3369,0.7265625
3370,0.46484375
3371,1.140625
3372,0.494140625
3373,0.515625
3374,0.392578125
3375,0.427734375
3376,0.314453125
3377,0.671875
3378,0.369140625
3379,0.412109375
3380,0.67578125
3381,0.251953125
3382,0.76953125
3383,0.7734375
3384,0.30078125
3385,0.51171875
3386,0.1865234375
3387,0.6796875
3388,0.431640625
3389,0.6640625
3390,0.69140625
3391,0.7109375
3392,0.419921875
3393,0.171875
3394,0.51171875
3395,0.64453125
3396,0.419921875
3397,0.46875
3398,0.498046875
3399,0.6171875
3400,0.484375
3401,0.36328125
3402,0.443359375
3403,0.37109375
3404,0.384765625
3405,0.58984375
3406,0.69140625
3407,0.74609375
3408,0.51171875
3409,0.62890625
3410,0.30078125
3411,0.6953125
3412,0.80078125
3413,0.515625
3414,0.7109375
3415,0.33984375
3416,0.7109375
3417,0.7578125
3418,0.640625
3419,0.6875
3420,0.66796875
3421,0.64453125
3422,0.470703125
3423,0.88671875
3424,0.55859375
3425,0.3671875
3426,0.45703125
3427,0.34765625
3428,0.28125
3429,0.578125
3430,0.76953125
3431,0.8359375
3432,0.3203125
3433,0.48046875
3434,0.64453125
3435,0.72265625
3436,0.59765625
3437,0.53125
3438,0.38671875
3439,0.59765625
3440,0.90234375
3441,0.1533203125
3442,0.486328125
3443,0.5703125
3444,0.5859375
3445,0.8125
3446,0.546875
3447,0.671875
3448,0.46875
3449,0.375
3450,0.51953125
3451,0.380859375
3452,0.7890625
3453,0.6171875
3454,0.58984375
3455,0.439453125
3456,0.61328125
3457,0.263671875
3458,0.81640625
3459,0.67578125
3460,0.88671875
3461,0.48046875
3462,0.609375
3463,0.7734375
3464,0.375
3465,0.435546875
3466,0.3203125
3467,0.255859375
3468,0.318359375
3469,0.53515625
3470,0.2060546875
3471,0.890625
3472,0.57421875
3473,0.58203125
3474,0.93359375
3475,0.6875
3476,0.421875
3477,0.373046875
3478,0.53515625
3479,0.451171875
3480,0.5078125
3481,0.421875
3482,0.462890625
3483,0.7578125
3484,0.73828125
3485,0.65625
3486,0.625
3487,0.65234375
3488,0.47265625
3489,0.5703125
3490,0.5
3491,0.73828125
3492,0.89453125
3493,0.54296875
3494,0.7734375
3495,0.1748046875
3496,0.96875
3497,0.306640625
3498,0.96484375
3499,0.482421875
3500,0.380859375
3501,0.3125
3502,0.357421875
3503,0.474609375
3504,0.953125
3505,0.72265625
3506,0.6328125
3507,0.71484375
3508,0.453125
3509,0.5390625
3510,1.1640625
3511,0.8984375
3512,0.43359375
3513,0.58203125
3514,0.5078125
3515,0.60546875
3516,0.66796875
3517,0.4765625
3518,0.494140625
3519,0.8046875
3520,0.259765625
3521,0.765625
3522,0.25390625
3523,0.34375
3524,0.58984375
3525,0.4296875
3526,0.4140625
3527,0.275390625
3528,0.51171875
3529,0.92578125
3530,0.5078125
3531,0.73828125
3532,0.34375
3533,0.796875
3534,0.515625
3535,0.5703125
3536,0.478515625
3537,0.84765625
3538,0.41796875
3539,0.31640625
3540,0.59375
3541,0.7109375
3542,0.69140625
3543,0.296875
3544,0.82421875
3545,1.2890625
3546,0.546875
3547,0.5859375
3548,0.60546875
3549,0.46484375
3550,0.6328125
3551,0.38671875
3552,1.015625
3553,0.2138671875
3554,0.275390625
3555,0.73046875
3556,0.546875
3557,0.46875
3558,0.57421875
3559,0.7421875
3560,0.7734375
3561,0.69921875
3562,0.65625
3563,0.6875
3564,0.5546875
3565,0.58203125
3566,0.50390625
3567,0.322265625
3568,0.96484375
3569,0.51953125
3570,0.6953125
3571,0.4453125
3572,0.7890625
3573,0.51953125
3574,0.50390625
3575,0.41796875
3576,0.93359375
3577,0.7890625
3578,0.59765625
3579,0.2890625
3580,0.65234375
3581,0.5234375
3582,1.0390625
3583,0.60546875
3584,0.484375
3585,0.79296875
3586,0.46484375
3587,0.82421875
3588,0.6171875
3589,0.5390625
3590,0.326171875
3591,0.341796875
3592,0.59765625
3593,0.1982421875
3594,0.32421875
3595,0.3203125
3596,0.9375
3597,0.765625
3598,0.4296875
3599,0.72265625
3600,0.4140625
3601,0.53125
3602,0.41796875
3603,0.55859375
3604,0.6875
3605,0.427734375
3606,0.7265625
3607,0.4453125
3608,0.234375
3609,0.90625
3610,0.5234375
3611,0.6796875
3612,0.74609375
3613,0.44921875
3614,0.396484375
3615,0.6953125
3616,1.078125
3617,0.54296875
3618,1.0234375
3619,0.45703125
3620,0.57421875
3621,0.76953125
3622,0.6328125
3623,0.79296875
3624,0.330078125
3625,0.3125
3626,0.3125
3627,0.62890625
3628,0.31640625
3629,0.431640625
3630,0.8984375
3631,0.310546875
3632,0.75390625
3633,0.421875
3634,0.3125
3635,0.53125
3636,0.51171875
3637,0.38671875
3638,0.11474609375
3639,0.314453125
3640,0.70703125
3641,0.66015625
3642,0.337890625
3643,0.5078125
3644,0.84375
3645,0.28125
3646,0.353515625
3647,0.3359375
3648,0.7890625
3649,0.7265625
3650,0.341796875
3651,0.48046875
3652,0.73046875
3653,0.515625
3654,0.9296875
3655,0.47265625
3656,0.494140625
3657,0.4921875
3658,0.56640625
3659,0.99609375
3660,0.79296875
3661,0.451171875
3662,0.69140625
3663,0.3203125
3664,0.8359375
3665,0.73828125
3666,0.80078125
3667,0.365234375
3668,0.63671875
3669,0.75390625
3670,0.35546875
3671,0.48828125
3672,0.26171875
3673,0.953125
3674,0.466796875
3675,0.50390625
3676,0.1943359375
3677,0.68359375
3678,0.5859375
3679,0.70703125
3680,0.671875
3681,0.8359375
3682,0.46484375
3683,0.29296875
3684,0.439453125
3685,0.376953125
3686,0.0703125
3687,0.5234375
3688,0.53515625
3689,0.65625
3690,0.5625
3691,0.71875
3692,0.53125
3693,0.5078125
3694,0.490234375
3695,0.419921875
3696,0.48828125
3697,0.61328125
3698,0.78515625
3699,0.76171875
3700,0.474609375
3701,0.70703125
3702,0.546875
3703,0.458984375
3704,0.53125
3705,0.341796875
3706,0.66015625
3707,0.416015625
3708,0.458984375
3709,0.5625
3710,0.4140625
3711,0.421875
3712,0.8828125
3713,0.42578125
3714,0.3828125
3715,0.78125
3716,0.75390625
3717,0.486328125
3718,0.5078125
3719,0.345703125
3720,0.6640625
3721,0.56640625
3722,0.5703125
3723,0.76953125
3724,0.50390625
3725,0.412109375
3726,0.7734375
3727,0.64453125
3728,0.2490234375
3729,1.203125
3730,0.365234375
3731,0.90625
3732,0.431640625
3733,0.453125
3734,0.59375
3735,0.5546875
3736,0.6171875
3737,0.35546875
3738,0.259765625
3739,0.1044921875
3740,0.44921875
3741,0.640625
3742,0.2734375
3743,0.64453125
3744,0.50390625
3745,0.337890625
3746,0.498046875
3747,0.408203125
3748,0.3125
3749,0.6484375
3750,0.53125
3751,0.439453125
3752,0.43359375
3753,0.5703125
3754,0.59765625
3755,0.703125
3756,0.365234375
3757,0.6875
3758,0.5625
3759,0.4375
3760,0.279296875
3761,0.5234375
3762,0.57421875
3763,0.54296875
3764,0.72265625
3765,0.4375
3766,0.3046875
3767,0.76953125
3768,0.6328125
3769,0.609375
3770,0.77734375
3771,0.828125
3772,0.7265625
3773,0.65234375
3774,0.6171875
3775,0.294921875
3776,0.6171875
3777,0.76171875
3778,0.466796875
3779,0.73828125
3780,0.341796875
3781,0.375
3782,0.9296875
3783,0.6484375
3784,0.52734375
3785,0.4296875
3786,0.43359375
3787,0.244140625
3788,0.330078125
3789,0.55078125
3790,0.640625
3791,0.5703125
3792,0.72265625
3793,0.404296875
3794,0.48046875
3795,0.45703125
3796,0.9140625
3797,0.53515625
3798,0.390625
3799,0.373046875
3800,0.890625
3801,0.400390625
3802,0.478515625
3803,0.404296875
3804,0.5859375
3805,0.58203125
3806,0.5703125
3807,0.796875
3808,0.66015625
3809,0.75390625
3810,0.1748046875
3811,0.66796875
3812,0.95703125
3813,0.6953125
3814,0.447265625
3815,0.53125
3816,0.66796875
3817,0.359375
3818,0.24609375
3819,0.58984375
3820,0.66796875
3821,0.51953125
3822,0.47265625
3823,0.55859375
3824,0.26953125
3825,0.4140625
3826,0.388671875
3827,0.6953125
3828,0.53515625
3829,0.462890625
3830,0.5390625
3831,0.66796875
3832,0.59375
3833,0.255859375
3834,0.5
3835,0.5859375
3836,0.51953125
3837,0.404296875
3838,0.296875
3839,0.5546875
3840,0.380859375
3841,0.8125
3842,0.57421875
3843,0.369140625
3844,0.51171875
3845,0.57421875
3846,0.41796875
3847,0.466796875
3848,0.515625
3849,0.447265625
3850,0.515625
3851,0.8671875
3852,0.57421875
3853,0.53125
3854,0.451171875
3855,0.6875
3856,0.71484375
3857,0.478515625
3858,0.65234375
3859,0.357421875
3860,0.32421875
3861,0.78125
3862,0.46484375
3863,0.56640625
3864,0.578125
3865,0.87890625
3866,0.4921875
3867,0.59375
3868,0.484375
3869,0.466796875
3870,0.53125
3871,0.54296875
3872,0.40625
3873,0.376953125
3874,0.419921875
3875,0.7890625
3876,0.255859375
3877,0.8515625
3878,0.96875
3879,0.6171875
3880,0.291015625
3881,0.5625
3882,0.57421875
3883,0.64453125
3884,0.609375
3885,0.443359375
3886,0.59765625
3887,0.34375
3888,0.3984375
3889,0.58203125
3890,0.65625
3891,0.3046875
3892,0.79296875
3893,0.55078125
3894,0.765625
3895,0.333984375
3896,0.6484375
3897,0.431640625
3898,0.5859375
3899,0.44140625
3900,0.51171875
3901,0.765625
3902,0.38671875
3903,1.0390625
3904,0.52734375
3905,0.73046875
3906,0.4921875
3907,0.6171875
3908,0.6796875
3909,0.55859375
3910,0.458984375
3911,0.39453125
3912,0.55078125
3913,0.447265625
3914,0.52734375
3915,0.3828125
3916,0.5234375
3917,0.7421875
3918,0.416015625
3919,0.40625
3920,0.56640625
3921,0.59375
3922,0.47265625
3923,0.66015625
3924,0.50390625
3925,0.57421875
3926,0.474609375
3927,0.7109375
3928,0.357421875
3929,0.322265625
3930,0.16015625
3931,0.318359375
3932,0.291015625
3933,0.69921875
3934,0.4921875
3935,0.4453125
3936,0.859375
3937,0.25
3938,0.64453125
3939,0.423828125
3940,0.6328125
3941,0.71875
3942,0.423828125
3943,0.59765625
3944,0.82421875
3945,0.357421875
3946,0.73046875
3947,0.98046875
3948,0.283203125
3949,0.87109375
3950,0.37890625
3951,0.703125
3952,0.78515625
3953,0.328125
3954,0.52734375
3955,1.0234375
3956,0.6171875
3957,0.55859375
3958,0.8125
3959,0.69921875
3960,0.421875
3961,0.62890625
3962,0.40625
3963,0.84765625
3964,0.53125
3965,0.6875
3966,0.6796875
3967,0.28125
3968,0.41015625
3969,0.34765625
3970,0.5078125
3971,0.2734375
3972,0.875
3973,0.609375
3974,0.458984375
3975,0.5234375
3976,0.5
3977,0.5234375
3978,1.0625
3979,0.375
3980,0.427734375
3981,0.46484375
3982,0.32421875
3983,0.283203125
3984,0.453125
3985,0.62890625
3986,0.6484375
3987,0.2578125
3988,0.361328125
3989,0.36328125
3990,0.5625
3991,0.5703125
3992,0.455078125
3993,0.201171875
3994,0.451171875
3995,0.546875
3996,0.6640625
3997,0.494140625
3998,0.4453125
3999,0.287109375
4000,0.5390625
4001,1.125
4002,0.53515625
4003,0.302734375
4004,0.625
4005,0.65625
4006,0.5703125
4007,0.73828125
4008,0.62109375
4009,0.33984375
4010,0.25390625
4011,0.8828125
4012,0.451171875
4013,0.26171875
4014,0.55859375
4015,0.62890625
4016,0.291015625
4017,0.875
4018,0.84375
4019,0.75
4020,0.19140625
4021,0.6484375
4022,0.2041015625
4023,0.486328125
4024,0.287109375
4025,0.462890625
4026,0.5859375
4027,0.189453125
4028,0.333984375
4029,0.34375
4030,0.3984375
4031,0.59765625
4032,0.40234375
4033,0.36328125
4034,0.240234375
4035,0.6796875
4036,0.6484375
4037,0.1728515625
4038,0.62109375
4039,0.15625
4040,0.6015625
4041,0.671875
4042,0.431640625
4043,0.26171875
4044,0.546875
4045,0.55859375
4046,0.6953125
4047,0.43359375
4048,0.38671875
4049,0.376953125
4050,0.59765625
4051,0.63671875
4052,0.68359375
4053,0.294921875
4054,0.734375
4055,0.4609375
4056,0.419921875
4057,0.5625
4058,0.40625
4059,0.5390625
4060,0.52734375
4061,0.349609375
4062,0.80078125
4063,1.015625
4064,0.51171875
4065,0.322265625
4066,0.326171875
4067,0.451171875
4068,0.28125
4069,0.484375
4070,0.671875
4071,0.41796875
4072,0.7265625
4073,0.376953125
4074,0.3359375
4075,0.75
4076,0.65234375
4077,0.54296875
4078,0.37890625
4079,0.30078125
4080,0.396484375
4081,0.51953125
4082,0.765625
4083,0.66015625
4084,0.443359375
4085,0.53125
4086,0.3984375
4087,0.53515625
4088,0.271484375
4089,0.51953125
4090,0.83984375
4091,0.7265625
4092,0.478515625
4093,0.49609375
4094,0.4453125
4095,0.41796875
4096,0.5703125
4097,0.37890625
4098,1.453125
4099,0.8046875
4100,0.6328125
4101,0.4765625
4102,0.419921875
4103,0.498046875
4104,1.0390625
4105,0.82421875
4106,0.470703125
4107,0.58203125
4108,0.306640625
4109,0.72265625
4110,0.69140625
4111,0.671875
4112,0.69921875
4113,0.97265625
4114,0.1865234375
4115,0.59765625
4116,0.345703125
4117,0.578125
4118,0.3671875
4119,0.65234375
4120,0.408203125
4121,0.390625
4122,0.37109375
4123,0.875
4124,0.32421875
4125,0.263671875
4126,0.69921875
4127,0.45703125
4128,0.353515625
4129,0.419921875
4130,0.447265625
4131,0.061279296875
4132,0.765625
4133,0.5546875
4134,0.49609375
4135,0.671875
4136,1.0390625
4137,0.271484375
4138,0.58984375
4139,0.609375
4140,0.54296875
4141,0.51953125
4142,0.65234375
4143,0.205078125
4144,0.57421875
4145,0.62890625
4146,0.4140625
4147,0.72265625
4148,0.373046875
4149,0.41015625
4150,0.86328125
4151,0.47265625
4152,0.49609375
4153,1.046875
4154,0.5546875
4155,0.47265625
4156,0.640625
4157,0.302734375
4158,0.3125
4159,0.3125
4160,0.609375
4161,0.443359375
4162,0.6484375
4163,0.6640625
4164,0.578125
4165,0.546875
4166,0.2890625
4167,0.357421875
4168,0.55859375
4169,0.31640625
4170,0.376953125
4171,0.51171875
4172,0.412109375
4173,0.47265625
4174,0.875
4175,0.46484375
4176,0.228515625
4177,0.46484375
4178,0.59765625
4179,0.59765625
4180,0.08154296875
4181,0.275390625
4182,0.453125
4183,0.41796875
4184,0.5859375
4185,0.625
4186,0.46484375
4187,0.5390625
4188,0.71484375
4189,0.498046875
4190,0.5703125
4191,0.26953125
4192,0.419921875
4193,0.42578125
4194,0.25390625
4195,0.51171875
4196,0.150390625
4197,0.447265625
4198,0.80078125
4199,0.76953125
4200,0.640625
4201,0.671875
4202,0.2197265625
4203,0.5703125
4204,0.765625
4205,0.83984375
4206,0.52734375
4207,0.65234375
4208,0.55078125
4209,0.486328125
4210,0.7421875
4211,0.46875
4212,0.42578125
4213,0.37890625
4214,0.60546875
4215,0.482421875
4216,0.6875
4217,0.5546875
4218,0.3359375
4219,0.49609375
4220,0.466796875
4221,0.4453125
4222,0.44140625
4223,0.6640625
4224,0.474609375
4225,0.376953125
4226,0.466796875
4227,0.55859375
4228,0.267578125
4229,1.109375
4230,0.46484375
4231,0.318359375
4232,0.40625
4233,0.515625
4234,0.333984375
4235,0.2255859375
4236,0.34375
4237,0.36328125
4238,0.4140625
4239,0.263671875
4240,0.5390625
4241,0.166015625
4242,1.1796875
4243,0.494140625
4244,0.81640625
4245,0.5390625
4246,0.63671875
4247,0.73828125
4248,0.671875
4249,0.37890625
4250,0.376953125
4251,0.4609375
4252,0.38671875
4253,0.70703125
4254,0.73046875
4255,0.359375
4256,0.45703125
4257,0.55078125
4258,0.859375
4259,0.4921875
4260,0.6875
4261,0.421875
4262,0.80859375
4263,0.443359375
4264,0.484375
4265,0.1474609375
4266,0.51171875
4267,0.4140625
4268,0.54296875
4269,0.80859375
4270,0.3515625
4271,0.6328125
4272,0.25390625
4273,0.318359375
4274,0.458984375
4275,0.72265625
4276,0.462890625
4277,0.7890625
4278,0.7265625
4279,0.365234375
4280,0.77734375
4281,0.3984375
4282,0.447265625
4283,0.6640625
4284,0.5
4285,0.7421875
4286,0.8984375
4287,0.6015625
4288,0.671875
4289,0.98046875
4290,0.7578125
4291,0.67578125
4292,0.3984375
4293,0.53515625
4294,0.53515625
4295,0.59765625
4296,0.8828125
4297,0.376953125
4298,0.50390625
4299,0.365234375
4300,0.1875
4301,0.1455078125
4302,0.921875
4303,0.546875
4304,0.609375
4305,0.2314453125
4306,0.94140625
4307,0.69140625
4308,0.72265625
4309,0.419921875
4310,0.859375
4311,0.427734375
4312,0.703125
4313,0.27734375
4314,0.859375
4315,0.69140625
4316,0.41015625
4317,0.515625
4318,0.63671875
4319,0.5234375
4320,0.64453125
4321,0.671875
4322,0.83984375
4323,0.26171875
4324,0.5703125
4325,0.298828125
4326,0.5
4327,1.75
4328,0.46875
4329,0.58984375
4330,0.5625
4331,0.33984375
4332,0.625
4333,0.65234375
4334,0.470703125
4335,0.453125
4336,0.734375
4337,0.2109375
4338,0.83203125
4339,0.546875
4340,0.78125
4341,0.7109375
4342,0.55859375
4343,0.6953125
4344,1.2421875
4345,0.255859375
4346,0.68359375
4347,0.12060546875
4348,0.54296875
4349,0.671875
4350,0.81640625
4351,0.3203125
4352,0.8671875
4353,0.333984375
4354,0.625
4355,0.5390625
4356,0.94921875
4357,0.5
4358,0.4921875
4359,0.345703125
4360,0.349609375
4361,0.33984375
4362,0.72265625
4363,0.4921875
4364,0.287109375
4365,0.271484375
4366,0.42578125
4367,0.58203125
4368,0.86328125
4369,0.95703125
4370,0.396484375
4371,0.37109375
4372,0.3203125
4373,0.51953125
4374,0.50390625
4375,0.66796875
4376,0.263671875
4377,0.51953125
4378,0.98046875
4379,0.69140625
4380,0.26953125
4381,0.287109375
4382,0.68359375
4383,0.263671875
4384,0.51171875
4385,0.97265625
4386,1.53125
4387,0.443359375
4388,0.5078125
4389,0.59375
4390,0.35546875
4391,0.6796875
4392,0.41796875
4393,0.40625
4394,0.6875
4395,0.70703125
4396,0.5390625
4397,0.6796875
4398,0.421875
4399,0.53515625
4400,0.58984375
4401,0.55078125
4402,0.41796875
4403,0.359375
4404,0.57421875
4405,0.4765625
4406,0.306640625
4407,0.255859375
4408,0.56640625
4409,0.78515625
4410,0.75390625
4411,0.6640625
4412,0.578125
4413,0.57421875
4414,0.27734375
4415,0.8203125
4416,0.298828125
4417,0.94140625
4418,0.59375
4419,0.400390625
4420,0.271484375
4421,0.6953125
4422,0.4765625
4423,0.33984375
4424,0.58203125
4425,0.61328125
4426,0.412109375
4427,0.365234375
4428,0.63671875
4429,0.97265625
4430,1.1953125
4431,0.4453125
4432,0.453125
4433,0.578125
4434,0.5390625
4435,0.44921875
4436,0.458984375
4437,0.400390625
4438,0.470703125
4439,0.7578125
4440,0.33984375
4441,0.341796875
4442,0.23828125
4443,0.8671875
4444,0.228515625
4445,0.6875
4446,0.197265625
4447,0.92578125
4448,0.3359375
4449,0.384765625
4450,0.8046875
4451,0.734375
4452,0.2431640625
4453,0.439453125
4454,0.2109375
4455,0.359375
4456,0.32421875
4457,0.38671875
4458,0.55078125
4459,0.55859375
4460,0.25
4461,0.61328125
4462,0.23828125
4463,0.388671875
4464,0.453125
4465,0.291015625
4466,0.70703125
4467,0.75390625
4468,0.63671875
4469,0.53125
4470,0.921875
4471,0.7578125
4472,0.318359375
4473,0.349609375
4474,0.46875
4475,0.7109375
4476,0.423828125
4477,0.482421875
4478,0.765625
4479,0.7734375
4480,0.79296875
4481,0.47265625
4482,0.05029296875
4483,0.095703125
4484,0.353515625
4485,0.482421875
4486,0.44921875
4487,0.72265625
4488,0.76171875
4489,0.46484375
4490,0.35546875
4491,0.625
4492,0.66796875
4493,1.09375
4494,0.3203125
4495,0.6328125
4496,0.64453125
4497,0.5
4498,0.578125
4499,0.58984375
4500,0.6875
4501,0.3828125
4502,0.384765625
4503,0.5
4504,0.482421875
4505,0.60546875
4506,0.66015625
4507,0.455078125
4508,0.271484375
4509,0.287109375
4510,0.478515625
4511,0.81640625
4512,0.6171875
4513,0.5078125
4514,1.0390625
4515,0.64453125
4516,0.52734375
4517,0.265625
4518,0.443359375
4519,0.984375
4520,0.7734375
4521,0.30078125
4522,0.55078125
4523,0.5625
4524,0.34375
4525,0.6015625
4526,0.421875
4527,0.62890625
4528,0.376953125
4529,0.2734375
4530,0.921875
4531,0.59375
4532,0.314453125
4533,0.75
4534,0.875
4535,0.65234375
4536,0.51953125
4537,0.68359375
4538,0.431640625
4539,0.1318359375
4540,0.388671875
4541,0.35546875
4542,0.90234375
4543,0.84375
4544,0.72265625
4545,0.4296875
4546,0.37109375
4547,0.5
4548,0.6328125
4549,0.5703125
4550,0.73828125
4551,0.44921875
4552,0.56640625
4553,0.44921875
4554,0.486328125
4555,0.2578125
4556,0.466796875
4557,0.63671875
4558,0.294921875
4559,0.59765625
4560,0.48046875
4561,0.83984375
4562,0.6875
4563,0.83203125
4564,0.8359375
4565,0.76171875
4566,0.65625
4567,0.78125
4568,0.404296875
4569,0.515625
4570,0.65234375
4571,0.734375
4572,0.51171875
4573,0.439453125
4574,0.228515625
4575,0.294921875
4576,0.28125
4577,0.19140625
4578,0.62109375
4579,0.8671875
4580,0.52734375
4581,0.42578125
4582,0.61328125
4583,0.8359375
4584,0.5703125
4585,0.7109375
4586,0.478515625
4587,0.41796875
4588,0.48828125
4589,0.84765625
4590,0.43359375
4591,0.63671875
4592,0.484375
4593,0.8515625
4594,0.671875
4595,0.451171875
4596,0.39453125
4597,0.353515625
4598,0.51953125
4599,0.279296875
4600,0.73046875
4601,0.470703125
4602,0.6484375
4603,0.265625
4604,0.81640625
4605,0.65234375
4606,0.625
4607,0.71875
4608,1.265625
4609,0.7265625
4610,0.40625
4611,0.53515625
4612,0.4375
4613,0.67578125
4614,0.5234375
4615,0.39453125
4616,0.408203125
4617,0.51171875
4618,0.5859375
4619,0.451171875
4620,0.83984375
4621,0.51171875
4622,0.39453125
4623,0.408203125
4624,0.73828125
4625,0.9296875
4626,0.546875
4627,0.74609375
4628,0.6953125
4629,0.5078125
4630,0.4296875
4631,0.9921875
4632,0.482421875
4633,0.4921875
4634,0.48046875
4635,0.54296875
4636,0.65234375
4637,0.4453125
4638,0.57421875
4639,0.86328125
4640,0.50390625
4641,1.171875
4642,0.51171875
4643,0.71484375
4644,0.31640625
4645,0.609375
4646,0.7890625
4647,0.388671875
4648,0.7421875
4649,0.9296875
4650,0.51171875
4651,0.83203125
4652,0.71875
4653,0.46875
4654,0.38671875
4655,0.2890625
4656,0.80078125
4657,0.1767578125
4658,0.466796875
4659,0.37109375
4660,0.60546875
4661,0.408203125
4662,0.625
4663,0.259765625
4664,0.67578125
4665,0.75
4666,0.08544921875
4667,0.061767578125
4668,0.4140625
4669,0.67578125
4670,0.3359375
4671,0.55859375
4672,0.71875
4673,0.41796875
4674,0.4296875
4675,0.6640625
4676,0.68359375
4677,0.54296875
4678,0.484375
4679,0.8046875
4680,0.490234375
4681,0.39453125
4682,0.189453125
4683,0.75390625
4684,0.3671875
4685,0.60546875
4686,0.419921875
4687,0.87890625
4688,0.50390625
4689,0.421875
4690,0.298828125
4691,0.451171875
4692,0.240234375
4693,0.671875
4694,0.482421875
4695,0.2392578125
4696,0.4375
4697,0.134765625
4698,0.470703125
4699,0.55859375
4700,0.25
4701,0.49609375
4702,0.578125
4703,0.5078125
4704,0.98046875
4705,0.69921875
4706,0.9765625
4707,0.56640625
4708,0.322265625
4709,0.482421875
4710,0.37890625
4711,0.9765625
4712,0.59765625
4713,0.390625
4714,0.59765625
4715,0.51953125
4716,0.8046875
4717,0.283203125
4718,0.28125
4719,0.88671875
4720,0.26953125
4721,0.2275390625
4722,0.5625
4723,0.62109375
4724,0.37890625
4725,0.26953125
4726,0.28125
4727,0.53515625
4728,0.71484375
4729,0.22265625
4730,0.6015625
4731,0.703125
4732,0.703125
4733,0.5703125
4734,0.453125
4735,0.52734375
4736,0.9140625
4737,1.03125
4738,0.74609375
4739,0.46875
4740,0.458984375
4741,0.52734375
4742,0.11328125
4743,0.38671875
4744,0.9140625
4745,0.96875
4746,0.671875
4747,0.41015625
4748,0.6953125
4749,0.67578125
4750,0.5234375
4751,0.35546875
4752,0.6796875
4753,0.220703125
4754,0.265625
4755,0.421875
4756,0.345703125
4757,0.8203125
4758,0.77734375
4759,0.8828125
4760,0.244140625
4761,0.640625
4762,0.2216796875
4763,0.1337890625
4764,0.35546875
4765,0.6328125
4766,0.6953125
4767,0.28515625
4768,0.5
4769,0.5078125
4770,0.87109375
4771,0.232421875
4772,0.6171875
4773,0.4609375
4774,0.333984375
4775,0.72265625
4776,0.53515625
4777,1.03125
4778,0.60546875
4779,0.7890625
4780,0.330078125
4781,0.3515625
4782,0.52734375
4783,0.421875
4784,0.4921875
4785,0.369140625
4786,0.458984375
4787,0.3515625
4788,0.54296875
4789,0.51171875
4790,0.470703125
4791,0.74609375
4792,0.86328125
4793,0.392578125
4794,0.3515625
4795,0.466796875
4796,0.2578125
4797,0.20703125
4798,0.58203125
4799,0.357421875
4800,0.7890625
4801,0.1669921875
4802,0.42578125
4803,0.474609375
4804,0.5703125
4805,0.33203125
4806,0.359375
4807,0.515625
4808,0.6171875
4809,0.2578125
4810,0.462890625
4811,0.46875
4812,0.5390625
4813,1.0625
4814,0.5078125
4815,0.66796875
4816,0.462890625
4817,0.482421875
4818,0.3671875
4819,0.5390625
4820,0.35546875
4821,0.5859375
4822,1.078125
4823,0.5703125
4824,0.6875
4825,0.640625
4826,0.578125
4827,0.765625
4828,0.640625
4829,0.36328125
4830,0.78515625
4831,0.322265625
4832,0.455078125
4833,0.310546875
4834,0.65625
4835,0.53125
4836,0.59375
4837,0.80859375
4838,0.5
4839,0.82421875
4840,0.287109375
4841,0.71875
4842,1.046875
4843,0.181640625
4844,0.6171875
4845,0.5390625
4846,0.53125
4847,0.447265625
4848,0.390625
4849,0.416015625
4850,0.349609375
4851,0.7265625
4852,0.57421875
4853,0.57421875
4854,0.33203125
4855,0.41796875
4856,0.458984375
4857,0.2470703125
4858,0.4375
4859,0.423828125
4860,0.8125
4861,0.54296875
4862,0.345703125
4863,0.51171875
4864,0.44921875
4865,0.59375
4866,1.0078125
4867,0.7265625
4868,0.314453125
4869,0.298828125
4870,0.57421875
4871,0.380859375
4872,0.291015625
4873,0.6015625
4874,0.52734375
4875,0.4296875
4876,0.40625
4877,0.56640625
4878,0.55078125
4879,0.482421875
4880,0.609375
4881,0.61328125
4882,0.2470703125
4883,0.447265625
4884,0.6171875
4885,0.3203125
4886,0.1640625
4887,0.8125
4888,0.35546875
4889,0.9375
4890,0.46484375
4891,0.9453125
4892,0.75
4893,0.53125
4894,0.78125
4895,0.1826171875
4896,0.484375
4897,0.484375
4898,0.86328125
4899,0.59375
4900,1.0234375
4901,0.9609375
4902,0.8359375
4903,0.671875
4904,1.078125
4905,0.765625
4906,0.3515625
4907,0.97265625
4908,0.427734375
4909,0.451171875
4910,0.8359375
4911,0.66796875
4912,0.73046875
4913,0.4609375
4914,0.40625
4915,0.3359375
4916,0.232421875
4917,0.57421875
4918,0.3515625
4919,0.67578125
4920,0.28515625
4921,0.427734375
4922,0.93359375
4923,0.166015625
4924,0.57421875
4925,0.80859375
4926,1.3046875
4927,0.58984375
4928,0.48828125
4929,0.421875
4930,0.2236328125
4931,0.546875
4932,0.369140625
4933,0.306640625
4934,0.51953125
4935,0.67578125
4936,0.35546875
4937,0.349609375
4938,0.59765625
4939,0.43359375
4940,0.4375
4941,1.125
4942,0.671875
4943,0.318359375
4944,0.400390625
4945,0.296875
4946,0.35546875
4947,0.890625
4948,0.58984375
4949,0.498046875
4950,1.109375
4951,0.314453125
4952,0.47265625
4953,0.427734375
4954,0.361328125
4955,0.49609375
4956,1.1640625
4957,0.54296875
4958,0.51171875
4959,0.5703125
4960,0.72265625
4961,0.8359375
4962,0.302734375
4963,0.359375
4964,1.296875
4965,0.33203125
4966,0.7109375
4967,0.3046875
4968,0.765625
4969,0.81640625
4970,0.8671875
4971,0.625
4972,0.7578125
4973,0.4140625
4974,0.65234375
4975,0.345703125
4976,0.73046875
4977,0.5625
4978,0.416015625
4979,0.412109375
4980,0.294921875
4981,0.88671875
4982,0.75390625
4983,0.66796875
4984,0.52734375
4985,0.5703125
4986,0.390625
4987,0.421875
4988,1.203125
4989,0.4296875
4990,0.431640625
4991,0.29296875
4992,0.380859375
4993,0.447265625
4994,0.328125
4995,0.84375
4996,0.7734375
4997,0.83203125
4998,0.81640625
4999,0.640625
5000,0.55859375
5001,0.486328125
5002,0.376953125
5003,0.6015625
5004,0.71484375
5005,0.50390625
5006,0.38671875
5007,0.271484375
5008,0.56640625
5009,0.353515625
5010,0.98046875
5011,0.69140625
5012,0.80859375
5013,0.21484375
5014,0.5
5015,0.44921875
5016,0.34765625
5017,0.19921875
5018,0.41796875
5019,0.1328125
5020,0.400390625
5021,0.7578125
5022,0.423828125
5023,0.91015625
5024,0.82421875
5025,0.39453125
5026,0.59375
5027,0.32421875
5028,0.5
5029,0.421875
5030,0.734375
5031,0.462890625
5032,0.3515625
5033,0.275390625
5034,0.421875
5035,0.5703125
5036,0.3125
5037,0.5234375
5038,0.703125
5039,0.91796875
5040,0.3828125
5041,0.1748046875
5042,0.7578125
5043,0.345703125
5044,0.546875
5045,0.6953125
5046,0.7109375
5047,0.65234375
5048,0.5859375
5049,0.80859375
5050,0.470703125
5051,0.484375
5052,0.734375
5053,0.85546875
5054,0.56640625
5055,0.484375
5056,0.76171875
5057,0.48828125
5058,0.4765625
5059,1.046875
5060,0.404296875
5061,0.330078125
5062,0.57421875
5063,0.5078125
5064,0.71875
5065,0.79296875
5066,0.392578125
5067,0.40625
5068,0.45703125
5069,0.478515625
5070,0.7265625
5071,0.6640625
5072,0.58984375
5073,0.44921875
5074,0.1943359375
5075,0.859375
5076,0.77734375
5077,1.078125
5078,0.6328125
5079,0.45703125
5080,0.50390625
5081,0.828125
5082,0.56640625
5083,1.203125
5084,0.330078125
5085,0.5078125
5086,1.1015625
5087,0.455078125
5088,0.375
5089,0.46875
5090,0.60546875
5091,0.349609375
5092,0.3984375
5093,0.546875
5094,0.6015625
5095,0.478515625
5096,0.19140625
5097,0.376953125
5098,0.48046875
5099,0.498046875
5100,0.4375
5101,0.4296875
5102,0.62890625
5103,0.859375
5104,0.58984375
5105,0.5078125
5106,0.32421875
5107,0.9609375
5108,0.53125
5109,0.10986328125
5110,0.55859375
5111,1.046875
5112,1.1328125
5113,0.34375
5114,0.73828125
5115,0.341796875
5116,0.6796875
5117,0.291015625
5118,0.61328125
5119,0.6640625
5120,0.5390625
5121,1.0078125
5122,0.390625
5123,0.578125
5124,0.30078125
5125,0.9140625
5126,1.125
5127,0.58984375
5128,0.515625
5129,0.8125
5130,0.4375
5131,0.3515625
5132,0.490234375
5133,0.56640625
5134,0.6640625
5135,1.328125
5136,1.328125
5137,0.78125
5138,0.396484375
5139,0.271484375
5140,0.7265625
5141,0.4140625
5142,0.765625
5143,0.546875
5144,0.61328125
5145,0.416015625
5146,0.51171875
5147,0.30859375
5148,0.8671875
5149,0.53515625
5150,0.2431640625
5151,0.4453125
5152,0.435546875
5153,0.58984375
5154,0.73828125
5155,0.6328125
5156,0.79296875
5157,0.75390625
5158,0.412109375
5159,0.322265625
5160,1.0859375
5161,0.375
5162,0.490234375
5163,0.83984375
5164,0.62890625
5165,0.86328125
5166,0.400390625
5167,0.412109375
5168,0.59375
5169,0.51171875
5170,0.41796875
5171,0.52734375
5172,0.875
5173,0.59375
5174,0.76171875
5175,0.2578125
5176,0.3515625
5177,0.58984375
5178,0.61328125
5179,0.734375
5180,0.71484375
5181,0.2353515625
5182,0.466796875
5183,0.59375
5184,0.44140625
5185,0.44140625
5186,0.5703125
5187,0.5859375
5188,0.6015625
5189,0.45703125
5190,0.38671875
5191,0.52734375
5192,0.365234375
5193,0.53515625
5194,0.5
5195,0.7109375
5196,0.5390625
5197,0.51171875
5198,0.53515625
5199,0.396484375
5200,0.5859375
5201,1.1171875
5202,0.5234375
5203,0.419921875
5204,0.470703125
5205,0.3203125
5206,0.421875
5207,0.306640625
5208,0.87890625
5209,0.3203125
5210,0.640625
5211,0.59375
5212,0.8671875
5213,0.7578125
5214,0.75
5215,0.330078125
5216,0.62890625
5217,0.578125
5218,0.640625
5219,0.67578125
5220,0.70703125
5221,0.236328125
5222,0.72265625
5223,0.4453125
5224,0.267578125
5225,0.263671875
5226,0.482421875
5227,0.302734375
5228,0.703125
5229,0.72265625
5230,0.7734375
5231,0.76953125
5232,0.671875
5233,0.5703125
5234,0.396484375
5235,0.546875
5236,0.80078125
5237,0.6796875
5238,0.59765625
5239,0.478515625
5240,0.75
5241,0.296875
5242,0.94140625
5243,0.28125
5244,0.55859375
5245,0.52734375
5246,0.8125
5247,0.57421875
5248,0.4140625
5249,0.953125
5250,0.5703125
5251,0.349609375
5252,0.4765625
5253,0.26953125
5254,0.640625
5255,0.5234375
5256,0.482421875
5257,0.515625
5258,0.66796875
5259,0.26953125
5260,0.46875
5261,0.46484375
5262,0.421875
5263,0.609375
5264,0.515625
5265,0.703125
5266,1.03125
5267,0.59375
5268,0.51171875
5269,0.42578125
5270,0.78125
5271,0.419921875
5272,0.63671875
5273,0.64453125
5274,0.7578125
5275,0.9453125
5276,1.046875
5277,0.56640625
5278,0.28125
5279,0.5078125
5280,0.19921875
5281,0.27734375
5282,0.53125
5283,0.50390625
5284,0.60546875
5285,0.60546875
5286,0.400390625
5287,0.83984375
5288,0.67578125
5289,0.578125
5290,0.50390625
5291,0.72265625
5292,0.404296875
5293,0.765625
5294,0.5546875
5295,0.388671875
5296,0.158203125
5297,0.306640625
5298,0.33203125
5299,1.015625
5300,0.38671875
5301,0.9609375
5302,0.55859375
5303,0.375
5304,0.8046875
5305,0.64453125
5306,0.71875
5307,0.16015625
5308,0.9765625
5309,0.70703125
5310,0.47265625
5311,0.640625
5312,0.2314453125
5313,0.46484375
5314,0.57421875
5315,0.62890625
5316,0.1982421875
5317,0.380859375
5318,0.6015625
5319,0.89453125
5320,0.3125
5321,0.5859375
5322,0.5703125
5323,0.384765625
5324,0.796875
5325,1.046875
5326,0.99609375
5327,0.5703125
5328,0.5
5329,0.6875
5330,0.384765625
5331,0.578125
5332,0.57421875
5333,0.41796875
5334,0.55859375
5335,0.59765625
5336,0.5
5337,0.86328125
5338,0.322265625
5339,0.77734375
5340,0.54296875
5341,0.66796875
5342,0.79296875
5343,0.392578125
5344,0.37890625
5345,0.40625
5346,0.546875
5347,0.59375
5348,0.44140625
5349,0.59375
5350,1.1015625
5351,0.6484375
5352,0.50390625
5353,0.77734375
5354,0.625
5355,0.392578125
5356,0.734375
5357,0.74609375
5358,0.3046875
5359,0.4765625
5360,0.609375
5361,0.66015625
5362,0.419921875
5363,0.322265625
5364,0.578125
5365,0.91015625
5366,0.5859375
5367,0.625
5368,0.28125
5369,0.470703125
5370,0.380859375
5371,0.62890625
5372,0.65625
5373,0.62109375
5374,0.4921875
5375,0.69140625
5376,0.462890625
5377,0.447265625
5378,0.48828125
5379,0.47265625
5380,0.3046875
5381,0.9453125
5382,0.703125
5383,0.85546875
5384,0.5703125
5385,0.66796875
5386,0.8203125
5387,0.392578125
5388,0.81640625
5389,0.474609375
5390,0.310546875
5391,0.65234375
5392,0.431640625
5393,0.63671875
5394,0.80078125
5395,0.5234375
5396,0.88671875
5397,0.28125
